CustomerID,Recency,Frequency,Monetary
12348,74,4,1797.24
12349,18,1,1757.55
12350,309,1,334.4
12352,35,8,2506.04
12353,203,1,89.0
12354,231,1,1079.4
12355,213,1,459.4
12356,22,3,2811.43
12358,1,2,1168.06
12360,51,3,2662.06
12361,286,1,189.9
12363,109,2,552.0
12364,7,4,1313.1
12365,290,2,641.38
12367,3,1,168.9
12370,50,4,3541.94
12371,44,2,1887.96
12372,71,3,1298.04
12373,310,1,364.6
12374,24,1,742.9300000000001
12375,10,2,457.5
12377,314,2,1628.12
12379,81,2,852.24
12380,21,4,2724.81
12381,4,5,1845.31
12383,184,5,1850.56
12384,28,2,585.27
12388,15,6,2780.66
12390,79,1,549.84
12391,21,1,439.66
12393,71,4,1582.6000000000001
12394,63,2,1272.48
12397,35,2,2409.9
12398,45,1,1635.6599999999999
12399,118,4,1108.65
12401,302,1,84.3
12402,322,1,225.6
12403,49,1,427.7
12405,148,1,1710.39
12406,21,2,3415.3
12407,49,5,1708.1200000000001
12408,32,5,2888.55
12410,308,2,693.3299999999999
12412,74,3,1226.88
12413,66,3,758.1
12414,216,3,562.41
12417,2,9,3649.1
12418,112,1,668.58
12420,63,1,600.39
12421,15,4,807.04
12422,95,3,803.5600000000001
12423,0,8,1859.31
12424,162,2,1760.96
12425,77,1,777.2
12426,194,1,582.73
12427,21,3,825.8
12430,42,1,256.4
12434,84,2,806.14
12436,99,1,509.01
12438,13,2,2906.85
12442,2,1,172.06
12445,21,1,133.4
12446,57,1,1002.3100000000001
12447,242,1,476.49
12448,43,1,449.45
12450,155,2,197.88
12452,16,2,430.57
12453,133,1,707.09
12454,55,1,3528.34
12455,72,6,2466.86
12456,43,3,3181.04
12457,65,7,2363.23
12458,70,2,947.4
12461,93,2,826.88
12462,18,2,1189.59
12463,52,4,1344.78
12464,9,8,1212.05
12465,16,2,742.1899999999999
12468,187,2,729.5400000000001
12475,53,1,723.38
12478,3,1,680.99
12479,10,1,527.2
12480,27,4,3281.63
12483,16,8,2484.98
12488,9,3,1298.66
12491,38,1,460.40000000000003
12492,62,2,263.21000000000004
12493,165,2,433.74
12494,15,7,1246.1000000000001
12497,81,1,1043.1
12498,20,3,403.70000000000005
12504,17,2,482.04999999999995
12506,232,1,73.5
12507,133,3,1304.81
12508,25,2,397.88
12509,283,1,176.5
12510,142,2,982.5699999999999
12512,65,2,132.18
12513,112,1,612.29
12514,266,1,1017.68
12516,77,2,1312.06
12517,27,5,2481.6
12518,0,5,2056.89
12519,63,1,330.84
12520,78,5,2634.26
12521,142,1,599.68
12522,38,2,192.72
12523,18,11,1789.77
12526,0,3,1316.66
12527,81,3,348.71000000000004
12528,8,6,1933.48
12530,59,4,1662.28
12531,14,1,125.22
12532,29,1,349.83000000000004
12534,130,1,1089.18
12535,91,2,716.35
12538,28,1,363.95
12541,29,3,981.18
12544,35,1,372.7
12545,74,2,1000.39
12546,46,2,1161.5
12547,197,2,207.79999999999998
12548,165,1,95.19999999999999
12550,78,1,964.83
12552,38,2,437.82
12556,49,2,599.56
12558,7,1,269.96
12559,310,2,561.71
12560,4,3,2134.01
12561,302,1,238.85
12564,260,1,456.9
12565,288,1,145.92
12566,85,1,351.65
12571,39,2,519.61
12572,8,2,1020.42
12573,226,1,160.54000000000002
12574,315,1,218.45
12576,35,5,1315.83
12577,34,3,626.6
12578,20,2,2794.51
12579,77,1,440.42
12580,246,1,415.7
12581,39,1,197.71
12582,238,2,511.36
12584,3,9,2338.15
12585,233,2,2040.1
12586,16,1,196.94000000000003
12587,7,1,144.0
12588,38,1,214.89999999999998
12589,28,2,646.68
12591,316,1,452.84999999999997
12592,91,2,437.6
12593,108,3,418.09999999999997
12594,37,10,3338.2200000000003
12596,50,2,618.27
12598,9,8,3023.08
12599,28,7,1032.58
12600,28,10,2599.04
12601,189,5,577.0600000000001
12602,58,1,153.12
12603,21,1,739.1999999999999
12604,78,2,254.18
12607,59,1,1579.51
12609,77,3,1126.85
12610,22,5,2099.54
12611,51,1,1193.32
12612,73,1,704.0400000000001
12613,56,5,3344.38
12614,277,1,315.6
12615,1,4,2291.19
12616,94,2,713.3
12617,28,1,352.98
12618,21,1,177.31
12619,15,9,3641.24
12620,14,3,1339.41
12622,231,1,180.1
12623,275,1,305.1
12624,105,2,641.13
12625,211,2,2683.82
12628,3,3,786.46
12630,9,2,1270.88
12631,56,1,640.5
12633,58,4,2163.98
12635,89,2,1689.18
12638,32,1,671.69
12639,238,1,486.1
12640,23,3,1174.58
12641,114,1,185.9
12642,24,3,1013.26
12643,127,6,3344.64
12644,129,1,477.91
12645,33,4,1775.18
12646,4,2,1346.97
12648,154,1,318.05
12649,106,3,623.51
12650,2,1,314.44
12653,148,2,2209.85
12654,10,5,601.98
12657,10,4,1643.18
12658,18,1,686.05
12659,29,1,91.68
12660,10,1,245.1
12665,324,1,63.0
12667,57,1,620.13
12669,150,3,2744.0299999999997
12670,9,5,2996.05
12673,4,2,610.52
12674,38,4,1970.6
12676,24,6,1331.39
12679,58,4,1113.02
12680,0,4,862.81
12684,7,7,2283.63
12685,27,6,2863.08
12689,25,2,1247.61
12690,205,1,389.01
12691,27,6,1035.8
12693,126,4,855.91
12694,69,2,869.67
12695,6,4,582.1
12697,28,3,957.59
12701,79,2,797.71
12702,19,1,219.0
12703,70,1,283.55
12704,6,8,2340.84
12707,291,1,603.42
12708,29,10,2712.91
12710,96,3,1149.02
12713,0,1,848.55
12715,105,1,343.36
12716,3,2,1053.49
12717,150,2,1030.98
12718,70,1,238.25
12719,4,2,644.95
12721,31,6,2656.13
12722,84,4,997.63
12723,3,5,725.07
12724,4,4,1031.41
12726,27,7,2609.1
12728,70,4,836.33
12729,113,1,453.01
12732,179,1,236.26000000000002
12733,233,1,383.95
12735,314,2,779.5699999999999
12739,77,2,1013.04
12740,63,1,427.6
12743,133,2,540.13
12750,128,1,275.88
12754,235,3,3010.74
12756,86,1,112.07999999999998
12758,116,2,2791.59
12759,51,3,1531.44
12762,7,2,1898.52
12763,137,2,494.08
12764,316,1,1693.88
12769,238,1,1143.6
12770,210,1,1351.45
12772,59,1,892.47
12775,16,5,1386.04
12778,19,6,822.23
12781,63,2,826.74
12782,4,5,2330.92
12783,1,6,2225.91
12784,8,2,532.8199999999999
12787,9,3,463.66
12789,64,1,91.85
12790,191,1,324.92
12792,256,1,400.53999999999996
12794,52,2,860.41
12795,18,1,430.48
12802,186,1,427.58
12808,36,3,483.65000000000003
12809,177,1,489.31
12811,260,3,514.85
12812,44,1,229.64000000000001
12814,101,1,125.92
12815,147,2,1063.46
12816,95,2,572.2
12817,280,1,166.04
12818,261,1,1542.08
12820,2,4,942.34
12821,213,1,92.72
12822,70,2,948.88
12823,74,5,1759.5
12824,59,1,397.12
12826,2,7,1474.72
12827,5,3,430.15000000000003
12828,2,6,1018.71
12831,261,1,215.05
12832,31,2,383.03
12833,144,1,417.38
12834,282,1,312.38
12836,58,4,2610.36
12837,172,1,134.1
12838,33,2,671.95
12840,143,4,2726.77
12842,69,2,1118.99
12843,65,8,1702.26
12844,28,2,325.96000000000004
12845,266,4,354.09
12847,21,1,843.64
12849,30,2,1010.29
12851,96,1,131.81
12852,294,1,311.55
12853,134,6,1957.1000000000001
12854,78,3,1316.25
12856,7,6,2170.78
12857,210,2,1106.4
12863,51,1,521.2
12864,137,1,147.12
12865,25,2,1568.23
12866,282,1,559.12
12868,185,6,1607.0600000000002
12871,83,2,380.64
12872,326,2,599.97
12873,281,1,374.0
12875,142,2,343.2300000000001
12876,57,2,2218.02
12878,235,2,854.99
12879,44,3,573.22
12881,275,1,298.0
12882,8,2,1463.04
12883,24,4,703.47
12884,87,1,309.05
12885,62,3,1175.22
12886,67,2,1378.4
12888,213,2,354.12
12890,23,1,376.71999999999997
12891,185,3,331.0
12893,30,1,176.55
12895,41,2,372.8
12897,204,2,216.5
12902,264,1,138.68
12904,17,2,496.06
12906,11,5,2919.81
12908,175,2,750.0
12909,39,5,2178.67
12910,22,8,3075.04
12912,2,5,1662.3
12913,4,5,2483.63
12915,148,2,363.65
12916,138,4,2944.95
12917,127,1,594.0
12919,7,6,1335.19
12920,16,1,162.78
12922,160,1,405.38
12923,63,1,172.82
12924,87,4,933.7
12925,4,2,694.05
12928,34,5,2062.7000000000003
12929,311,1,117.85
12930,77,2,415.8
12933,23,3,607.53
12935,1,7,2160.7
12936,16,4,1063.9
12937,14,4,1504.27
12938,25,1,114.14
12940,54,2,899.69
12942,130,3,675.6
12944,35,2,604.51
12945,287,1,462.95
12947,143,6,1603.99
12948,15,7,2064.95
12950,1,3,1843.0
12951,8,6,1064.07
12952,5,4,1387.79
12953,9,1,329.85
12956,305,1,108.07
12962,6,2,266.39
12963,7,8,1856.63
12965,88,1,769.8100000000001
12966,9,1,160.18
12968,111,1,135.95
12970,6,4,405.47
12974,197,1,144.8
12976,211,1,738.6
12977,155,1,39.239999999999995
12981,29,2,372.21999999999997
12982,242,1,390.54
12984,18,1,97.5
12985,0,2,1239.38
12987,73,2,558.7
12988,291,1,505.82
12990,30,3,409.5
12991,22,2,503.76
12993,22,4,414.76
12994,3,3,974.4200000000001
12995,84,1,211.32
12997,21,4,1226.89
12999,195,3,455.88
13000,106,3,534.85
13002,317,1,120.94999999999999
13003,105,3,149.05
13005,173,2,513.7
13006,55,1,81.57
13008,322,1,229.46999999999997
13012,8,8,1646.8400000000001
13014,10,10,3466.2799999999997
13015,52,5,3339.64
13016,72,3,789.89
13017,6,1,204.0
13021,3,9,2616.38
13023,63,2,689.9
13026,0,5,975.36
13028,22,2,661.3199999999999
13029,30,3,1247.5
13030,10,2,752.4399999999999
13032,51,2,1010.18
13034,54,2,642.77
13035,73,2,921.88
13037,137,3,881.07
13038,79,3,908.46
13040,8,2,676.99
13043,272,1,516.42
13044,290,1,560.47
13045,98,1,305.28000000000003
13046,30,2,629.31
13047,31,10,3237.54
13048,13,4,1819.41
13049,63,2,656.6800000000001
13052,211,1,348.15000000000003
13055,77,3,1214.41
13058,24,3,271.40000000000003
13059,249,1,183.4
13060,253,1,307.53
13061,71,1,248.61
13062,190,1,346.98
13064,12,4,1105.59
13066,23,2,470.8
13067,81,1,115.46000000000001
13068,9,2,344.0
13070,191,1,228.8
13072,266,1,177.15
13075,129,1,919.61
13077,0,4,728.02
13079,3,5,220.10000000000002
13080,178,1,58.08
13082,125,9,3613.63
13083,3,2,303.75
13085,157,2,416.08000000000004
13091,27,1,345.82
13092,70,5,477.83
13095,70,1,74.39999999999999
13099,98,1,207.35999999999999
13101,233,1,101.19
13103,39,1,243.94
13104,2,6,1098.48
13106,132,1,76.5
13107,43,4,1531.6200000000001
13109,59,2,786.54
13110,30,7,1488.67
13115,11,4,2294.78
13116,137,1,501.14
13117,21,8,984.91
13118,19,5,1197.81
13120,238,1,30.599999999999998
13121,268,1,283.73
13122,93,2,922.39
13126,4,8,2099.64
13127,77,1,259.17
13130,93,1,64.0
13131,22,3,1073.3
13132,261,1,77.3
13133,273,2,109.8
13134,85,4,1793.58
13135,196,1,3096.0
13136,55,5,2607.61
13137,10,8,3603.29
13138,21,6,962.39
13140,107,3,422.47
13141,84,5,2388.75
13142,18,1,307.09
13145,39,4,618.52
13146,25,1,228.91
13147,9,4,712.8000000000001
13149,13,4,1676.06
13151,295,1,1257.8700000000001
13153,5,1,486.22
13155,32,4,971.76
13157,48,4,1741.22
13158,94,4,1201.06
13159,8,4,1429.35
13160,21,1,91.8
13161,312,1,112.75
13162,121,4,1688.29
13165,45,2,1021.48
13166,282,1,417.2
13167,18,4,791.33
13168,35,4,1299.59
13169,63,2,712.88
13170,26,1,108.81
13171,21,3,468.41
13173,3,2,353.65
13174,15,3,2742.82
13176,45,1,481.49
13177,64,1,282.45
13182,44,1,121.18
13184,14,10,1668.95
13185,267,1,71.4
13186,39,3,1575.89
13188,10,1,114.60000000000001
13189,18,2,260.68
13192,94,2,911.94
13193,60,1,112.08
13194,135,1,60.7
13196,10,4,1797.78
13198,9,6,3401.2400000000002
13200,18,4,870.09
13203,9,4,869.46
13207,14,2,250.26000000000002
13208,58,6,1217.65
13210,93,1,353.48
13211,9,3,1095.42
13212,19,3,786.83
13213,56,5,1520.58
13216,267,1,333.74
13217,121,3,533.98
13218,126,1,62.63999999999999
13220,77,4,819.2900000000001
13221,239,2,847.41
13223,199,2,163.20000000000002
13224,59,2,2155.95
13226,272,1,108.21000000000001
13227,201,1,257.7
13228,80,1,358.0
13229,225,1,160.95
13232,12,7,1328.35
13233,73,2,605.12
13235,211,1,1031.07
13236,24,2,744.85
13238,16,4,700.73
13239,261,1,329.56
13240,95,4,663.65
13242,111,3,270.40000000000003
13243,202,1,585.12
13244,92,1,121.74000000000001
13245,50,1,430.5
13246,17,6,1961.52
13247,17,4,501.12
13248,124,2,465.68
13249,91,3,711.41
13253,156,2,1030.4
13255,8,2,399.51
13258,11,3,672.83
13259,61,1,283.18
13260,60,1,557.62
13261,268,2,944.1
13262,262,1,200.29
13265,52,5,2092.66
13268,17,11,3174.75
13271,36,1,211.49
13272,30,2,276.56
13273,112,1,138.98
13276,63,2,590.9300000000001
13277,15,4,258.4
13278,40,1,542.73
13279,77,1,137.75
13280,121,3,798.46
13282,17,3,1132.14
13283,59,2,93.66
13285,22,4,2709.12
13291,155,1,361.11
13292,38,2,578.9399999999999
13294,189,2,873.74
13296,136,1,87.4
13297,7,4,2089.85
13298,0,1,360.0
13299,267,1,142.5
13300,168,1,371.89
13301,103,4,618.09
13302,154,1,63.75
13305,3,10,2000.86
13307,119,1,15.0
13308,22,3,1385.51
13309,6,5,1456.79
13310,27,3,1132.03
13311,3,2,598.57
13313,21,5,1555.32
13314,1,3,775.94
13317,65,6,2273.68
13318,0,3,640.76
13320,77,4,1532.2
13321,71,2,567.36
13322,16,1,199.48000000000002
13323,2,5,787.85
13325,81,1,675.3
13327,38,8,3627.77
13328,315,1,1308.48
13329,31,2,789.0
13330,92,3,1140.93
13332,13,1,350.9
13334,81,3,3502.32
13336,76,1,795.12
13338,157,1,487.02
13339,200,1,860.12
13341,260,1,775.85
13343,177,1,353.43
13344,67,3,2511.69
13345,287,1,389.5
13347,69,1,341.36
13348,63,1,233.76
13349,10,1,247.32
13350,15,2,979.12
13351,65,1,373.94
13352,59,1,397.97999999999996
13354,70,1,743.53
13355,121,1,674.7
13356,79,1,768.24
13357,256,1,609.4
13358,268,1,439.03
13359,63,1,439.56
13362,8,4,3090.7400000000002
13363,17,2,992.5
13364,70,1,134.95999999999998
13365,33,2,2225.37
13366,49,1,56.160000000000004
13368,256,2,623.4
13372,89,1,378.64
13373,60,3,3312.25
13375,88,1,778.65
13376,98,3,1019.76
13379,25,3,572.56
13381,31,6,3639.31
13382,280,1,222.99
13388,130,2,677.1
13389,10,3,797.96
13390,74,1,544.08
13391,203,1,59.8
13394,1,8,2520.02
13395,184,1,307.72
13396,28,2,1360.99
13397,72,5,1544.13
13398,191,1,457.34
13402,126,2,621.23
13403,17,1,75.0
13404,0,2,252.49
13405,73,3,572.451
13410,23,5,1003.06
13411,106,1,213.55
13414,133,3,1390.5
13416,43,2,712.5
13417,4,2,640.83
13419,63,1,221.06
13420,149,2,159.85
13421,39,2,1833.71
13422,63,1,2626.3
13425,107,3,1624.21
13426,0,10,3641.32
13427,18,3,582.6
13428,9,1,201.78
13429,10,4,1006.8
13430,18,2,679.45
13431,66,2,1269.1
13434,73,2,534.24
13436,1,1,196.89
13437,13,7,3408.06
13439,254,1,283.71
13441,91,1,296.64
13447,22,3,1129.14
13448,16,6,3534.69
13449,23,1,291.88
13450,26,6,2043.7199999999998
13451,25,5,2898.2599999999998
13452,258,2,590.0
13453,165,2,356.97999999999996
13455,24,2,1058.34
13456,17,6,1766.72
13460,28,2,183.44
13461,38,3,1445.0
13462,252,1,151.5
13464,57,1,674.68
13466,183,1,307.9
13467,10,2,1071.91
13470,98,2,165.0
13471,0,4,2501.84
13473,60,2,422.64
13474,235,1,226.84
13475,190,4,1431.78
13476,178,2,1238.47
13477,37,6,1454.58
13479,200,2,300.95
13481,45,5,1804.56
13482,231,1,184.64
13483,65,1,140.34
13484,240,1,313.8
13485,232,1,454.24
13486,77,3,1122.41
13487,57,3,575.4
13489,104,4,449.52
13491,51,10,1215.82
13492,135,3,1269.84
13493,274,2,618.63
13494,311,1,316.26000000000005
13495,7,5,2044.8700000000001
13496,10,2,653.33
13497,282,2,348.05
13499,17,5,1159.11
13500,22,3,1166.77
13501,287,1,1340.32
13502,16,3,292.0
13503,70,1,216.85
13504,63,1,295.93
13506,315,2,458.52
13507,2,4,2479.16
13508,243,1,110.97
13509,8,7,979.72
13510,0,4,1791.56
13512,260,1,251.21
13513,126,1,205.1
13514,73,1,152.20000000000002
13515,72,4,891.12
13516,20,3,1389.41
13517,59,3,2128.42
13518,85,1,627.16
13519,77,1,122.75
13520,58,6,3624.35
13521,0,3,1071.73
13522,29,1,125.80000000000001
13524,40,5,680.1800000000001
13525,14,2,628.78
13527,33,7,2242.36
13529,78,2,307.76
13531,204,2,483.8
13532,33,1,210.31
13533,182,3,269.09
13536,0,7,3444.39
13538,42,7,1280.85
13539,85,3,631.34
13544,39,2,276.06
13546,11,3,621.09
13548,95,2,678.16
13549,25,7,918.2
13551,318,1,91.80000000000001
13557,27,2,584.06
13558,5,4,594.52
13560,6,1,171.42000000000002
13561,215,1,141.85999999999999
13562,81,3,1799.33
13563,83,2,777.53
13564,143,3,1724.67
13565,18,2,240.22
13566,40,2,856.84
13568,172,1,187.05
13569,16,2,338.62
13570,242,1,239.49
13572,205,1,1384.25
13573,49,2,290.25
13575,22,5,732.0699999999999
13577,24,4,1687.6000000000001
13579,14,2,467.04
13581,308,1,118.0
13583,155,1,781.03
13584,306,1,142.4
13587,63,1,712.4
13588,15,9,2478.95
13589,14,2,379.65
13590,10,6,1981.92
13591,64,3,1117.13
13592,35,4,247.95999999999998
13593,107,5,2011.88
13594,52,1,396.97
13596,5,2,664.11
13598,46,1,160.04
13600,311,1,219.52
13601,44,2,693.32
13602,64,1,428.89
13603,25,1,164.34
13606,28,3,276.75
13607,39,1,675.51
13610,11,7,1082.33
13611,88,3,1154.4
13614,23,4,1585.46
13615,318,1,417.69
13617,39,3,544.18
13618,173,1,177.34
13621,116,1,213.85
13623,30,5,727.74
13626,252,1,257.23
13627,58,5,1638.47
13630,4,7,2031.78
13631,99,11,3070.42
13632,24,5,2118.93
13634,32,5,1547.3600000000001
13635,67,1,1071.03
13636,36,5,949.12
13637,51,3,804.3
13638,15,1,122.64
13639,73,1,1033.34
13642,215,1,312.28
13643,30,3,519.44
13644,15,4,2624.26
13645,119,1,252.1
13647,9,4,1648.1200000000001
13649,256,2,346.6
13650,16,6,1836.34
13651,34,2,94.2
13652,45,3,1095.08
13654,42,6,2707.33
13655,113,2,932.97
13656,164,2,379.65
13657,10,2,382.14
13658,9,5,2639.17
13659,205,2,1563.0
13662,85,3,881.26
13663,178,1,189.47
13666,59,3,84.65
13667,148,1,299.05
13669,50,2,218.55
13670,74,1,349.7
13672,300,2,186.39000000000001
13673,18,2,387.44
13675,150,2,486.82000000000005
13678,151,1,232.6
13681,17,4,827.83
13682,186,1,59.5
13684,285,1,65.13
13685,2,7,3119.44
13686,182,1,72.0
13689,62,1,910.0
13690,58,1,172.25
13692,24,3,1488.32
13697,38,1,151.29999999999998
13699,154,1,308.58000000000004
13700,25,10,2248.63
13703,317,1,99.5
13704,4,9,2308.06
13705,7,3,711.86
13706,302,1,330.79
13707,266,2,806.41
13708,270,1,285.33
13710,31,1,180.48
13711,218,2,252.06
13712,246,1,228.84
13715,280,5,1077.39
13716,268,1,138.28
13717,31,6,1445.01
13718,245,2,306.55
13719,14,5,1041.68
13720,116,4,799.9
13721,35,1,524.14
13722,131,3,2375.41
13723,216,1,199.85000000000002
13725,49,8,1980.56
13726,38,2,1079.6599999999999
13727,28,2,333.48
13728,36,6,1016.14
13730,135,2,752.6
13731,218,2,610.59
13732,27,1,491.86
13735,24,4,2883.54
13736,4,2,729.8
13737,199,1,339.59999999999997
13739,17,1,216.9
13740,240,1,350.75
13741,71,3,668.4300000000001
13743,2,7,1341.6
13744,94,2,1080.52
13745,161,1,300.04
13748,95,5,948.25
13750,53,5,1647.26
13751,287,1,296.25
13752,123,6,1175.38
13753,287,1,741.26
13754,151,2,282.59999999999997
13755,3,9,2108.06
13758,11,7,3190.55
13759,32,2,659.4100000000001
13760,53,2,286.79
13761,49,2,1070.65
13762,218,1,306.72
13763,62,1,1714.96
13764,70,3,1519.42
13769,1,10,2796.51
13771,63,4,2634.45
13772,33,3,1122.63
13774,81,1,345.0
13778,102,1,178.7
13780,6,2,360.01
13781,250,1,127.84
13782,12,6,908.86
13784,9,11,2462.79
13787,75,2,309.04
13790,3,1,348.8
13791,127,2,1516.0
13792,65,2,195.55
13799,116,2,688.86
13800,309,1,558.32
13801,66,1,324.8
13803,254,1,277.07
13804,30,7,2588.39
13805,51,2,924.6
13806,63,1,256.38
13808,5,5,1747.66
13809,304,1,155.05
13810,28,3,1499.01
13811,183,3,814.5
13812,41,3,539.0
13813,39,4,1366.8600000000001
13814,91,2,1579.12
13816,23,2,571.6700000000001
13817,28,2,382.98
13819,301,3,1140.35
13821,144,2,385.64
13822,5,2,632.0
13823,18,2,957.66
13824,32,5,1698.94
13826,175,1,189.5
13827,57,3,409.8
13828,21,1,209.49
13831,15,6,2198.45
13832,18,1,52.199999999999996
13833,158,1,383.85
13835,24,4,834.57
13837,211,2,266.59000000000003
13838,5,4,674.82
13841,252,1,85.0
13842,58,9,3385.62
13844,10,1,361.62
13845,64,1,312.98
13846,24,3,865.0600000000001
13848,91,3,1255.0
13849,51,2,1537.95
13850,128,1,1595.48
13851,95,3,2651.46
13853,56,1,1090.14
13856,168,3,388.5
13858,56,1,216.17
13859,325,1,201.16
13860,0,5,1245.9
13862,17,8,2209.36
13863,247,1,305.78
13865,57,4,501.56
13866,73,1,145.67000000000002
13867,30,3,1005.09
13868,6,2,3192.54
13869,122,4,3083.65
13870,1,8,2770.94
13873,119,3,389.6
13875,53,5,1786.79
13876,63,1,122.7
13877,85,1,117.24
13878,54,1,1271.57
13882,2,5,1191.13
13883,10,5,2674.48
13884,6,5,787.6
13885,188,2,506.8
13886,70,1,243.56
13887,203,1,349.55
13888,119,2,595.67
13889,92,1,416.90000000000003
13890,0,10,1883.8100000000002
13892,26,4,632.97
13893,297,1,821.1
13894,23,3,564.62
13895,27,4,2593.07
13897,49,1,311.16
13898,325,1,155.93
13899,15,2,388.52
13900,182,3,740.95
13901,71,5,2867.2
13904,36,2,332.64
13908,79,4,2369.55
13911,56,9,2580.91
13914,11,2,626.45
13917,49,2,272.04
13918,49,2,1212.8400000000001
13919,58,2,384.81
13923,53,1,351.13
13924,1,6,1838.8500000000001
13925,92,4,678.25
13926,22,1,223.85000000000002
13927,74,1,348.99
13928,10,4,464.57
13929,168,2,842.65
13930,57,2,337.34
13931,95,2,1237.53
13932,294,1,307.4
13933,108,2,608.7900000000001
13934,263,1,922.1
13936,179,1,376.58
13937,168,1,158.85
13938,34,1,71.66
13939,22,3,568.55
13940,16,4,839.14
13946,78,3,561.5699999999999
13947,64,1,90.6
13949,2,6,2427.32
13950,10,4,745.06
13951,175,3,674.45
13952,217,2,3251.071
13953,6,7,3515.68
13954,1,2,439.92
13955,153,2,322.96
13956,4,5,1019.27
13959,78,3,594.04
13960,20,2,230.22
13962,21,2,169.55
13963,307,4,664.54
13967,145,1,80.7
13971,18,8,2758.26
13972,70,2,190.25
13973,286,1,264.7
13974,48,1,413.59000000000003
13975,30,6,2461.2400000000002
13976,206,1,357.98
13978,14,2,196.79000000000002
13979,72,1,869.87
13980,59,1,200.14
13982,38,4,1871.81
13984,26,5,920.51
13986,16,1,320.46
13989,65,2,1266.08
13990,212,1,311.3
13991,11,6,852.88
13992,29,1,76.8
13993,42,9,3466.36
13994,3,6,2274.14
13995,14,5,1393.69
14000,210,1,635.66
14001,45,3,2043.0800000000002
14002,133,2,529.73
14005,9,5,2874.72
14006,115,3,962.19
14009,197,2,695.61
14012,277,1,328.8
14013,109,3,473.02
14014,76,1,505.18
14015,52,1,917.34
14019,46,3,1421.61
14020,16,2,642.8
14021,154,3,631.9
14022,224,1,440.0
14023,6,2,584.07
14024,121,2,327.7
14027,60,1,104.82
14029,62,2,467.66
14030,17,8,2358.84
14032,1,11,2975.59
14034,21,3,648.89
14035,28,5,1428.02
14036,284,1,626.65
14037,175,2,147.20000000000002
14038,77,3,1560.38
14039,32,1,152.2
14041,265,1,141.41
14044,26,4,646.42
14045,108,4,1659.75
14046,283,1,154.99
14047,8,5,1308.6100000000001
14048,304,1,409.93
14050,31,2,746.36
14052,19,1,225.36
14053,123,2,260.25
14054,64,1,92.46
14055,105,1,725.6400000000001
14059,266,1,183.6
14064,28,5,1334.34
14066,266,1,152.55
14067,63,2,374.7
14068,319,1,265.85
14071,3,8,1437.57
14073,31,1,151.04
14075,4,3,942.26
14076,128,1,118.67
14077,40,5,499.41999999999996
14078,101,6,1049.37
14079,124,1,375.1
14080,32,1,45.599999999999994
14081,301,2,921.62
14083,3,9,1002.9
14087,2,1,191.47
14089,56,1,158.75
14090,324,1,76.32000000000001
14093,11,1,433.86
14098,36,1,147.35
14099,15,11,3104.17
14100,137,1,191.95000000000002
14102,4,5,1105.8799999999999
14104,154,2,216.20999999999998
14105,238,1,1266.23
14107,51,7,2703.23
14108,30,2,597.91
14109,72,1,144.2
14111,13,4,692.85
14112,22,7,2915.15
14113,3,4,1840.42
14114,273,2,386.53
14116,19,5,1382.74
14117,143,1,90.0
14121,3,4,2780.15
14124,83,1,419.58000000000004
14125,10,3,2720.63
14126,7,3,706.1300000000001
14127,122,3,709.71
14128,60,2,637.5
14129,1,5,1123.8600000000001
14130,318,1,480.91
14132,1,11,3586.0299999999997
14133,129,3,605.64
14138,1,2,965.8800000000001
14139,45,1,415.82
14140,3,2,935.05
14141,2,4,915.13
14143,133,1,115.8
14147,77,2,483.4
14148,233,1,157.2
14149,220,1,446.62
14150,35,2,658.64
14152,74,2,621.29
14154,238,2,1345.62
14155,265,1,118.75
14157,19,2,424.89000000000004
14158,39,1,507.66
14161,215,3,1097.6200000000001
14162,173,2,289.36
14163,86,4,2445.91
14164,70,2,1631.77
14165,275,1,120.44
14167,38,4,562.59
14171,97,1,363.79
14173,10,4,450.84
14174,32,1,134.46
14175,59,3,3222.3
14176,296,4,576.9000000000001
14177,85,4,549.46
14178,8,7,1600.26
14179,40,2,701.57
14184,66,1,452.89
14188,30,6,2054.36
14193,67,2,853.39
14195,201,2,1012.0
14196,106,1,335.52
14198,17,4,701.4
14199,217,1,185.39999999999998
14201,59,7,747.44
14204,1,1,150.61
14205,16,2,466.7
14206,238,1,328.15999999999997
14208,94,1,151.74
14209,10,6,2073.43
14210,105,6,1905.8400000000001
14211,52,9,2241.1
14212,89,1,1070.48
14214,30,5,1004.38
14215,11,6,1789.72
14216,2,4,1839.3
14218,42,1,169.48000000000002
14219,3,1,89.94
14220,246,2,632.4
14221,41,9,3432.8
14222,176,1,683.17
14223,91,3,991.13
14224,109,4,1009.73
14226,28,5,2214.79
14227,25,10,3350.96
14229,51,3,1547.2
14231,183,3,925.71
14232,42,5,2048.07
14233,48,4,1462.72
14234,21,4,754.12
14235,74,5,3144.86
14236,80,2,490.86
14238,325,1,146.85
14239,42,11,2380.85
14240,29,2,890.34
14241,183,1,213.70000000000002
14242,234,2,280.55
14243,8,10,2588.77
14245,219,2,1693.45
14246,110,3,1474.06
14247,277,1,136.76999999999998
14248,317,1,302.58
14250,6,3,1904.05
14251,1,5,2879.7000000000003
14256,259,2,969.0600000000001
14257,63,5,3099.7200000000003
14259,141,1,120.0
14261,50,2,1163.45
14262,7,8,2618.23
14264,154,2,333.97
14265,108,2,530.18
14267,162,3,1516.24
14271,225,1,112.32
14272,73,2,437.96
14273,50,4,559.97
14276,98,3,1119.74
14280,196,1,134.04
14284,30,2,595.25
14285,20,4,1910.01
14287,7,3,176.63
14288,212,1,426.6
14289,8,6,911.26
14290,10,5,2314.65
14293,2,4,1046.56
14295,39,1,166.20000000000002
14297,17,4,1305.33
14300,18,1,43.2
14301,116,1,640.14
14304,222,1,383.45
14305,70,3,1858.96
14306,50,2,2093.32
14307,88,6,2995.72
14309,7,9,2352.53
14311,242,1,310.26
14312,46,6,1611.59
14314,106,1,120.0
14315,44,6,2481.13
14317,64,1,508.58000000000004
14320,206,2,477.79
14321,10,5,1530.75
14323,114,2,605.0600000000001
14326,241,1,183.85
14327,162,1,311.65
14331,123,2,462.65999999999997
14332,22,3,840.21
14333,67,1,415.2
14334,16,8,2552.21
14335,15,2,454.86
14336,16,4,1614.91
14338,160,2,588.22
14339,242,1,309.52
14340,218,1,134.7
14341,44,8,2166.98
14342,20,4,668.5600000000001
14344,126,8,889.9300000000001
14345,38,1,108.97999999999999
14346,120,2,1021.58
14348,259,1,409.57
14349,9,1,133.5
14350,273,1,282.93
14351,164,1,51.0
14352,156,4,1078.96
14353,214,1,90.6
14354,5,2,163.62
14356,79,2,701.23
14357,42,1,225.12
14359,18,3,912.18
14360,31,4,2118.03
14362,21,1,151.5
14368,319,1,155.0
14371,294,1,100.5
14375,184,1,235.56
14377,190,2,617.05
14379,43,2,348.1
14381,51,1,202.68
14382,25,1,615.49
14383,37,3,1247.69
14385,8,3,202.11
14386,296,1,142.4
14387,32,3,1727.6
14388,9,8,3212.84
14389,64,2,1043.46
14393,217,1,67.95
14395,1,9,3479.91
14396,64,2,487.99
14400,148,1,574.7
14403,129,4,1475.81
14404,33,6,1449.32
14406,118,1,156.75
14407,106,6,2157.73
14408,10,7,2599.03
14409,70,6,2059.4500000000003
14410,91,9,1100.27
14411,310,1,1063.0
14412,42,2,770.03
14414,91,7,1496.98
14416,21,2,490.22
14418,3,3,1937.25
14419,10,6,1051.79
14420,98,1,387.52
14421,56,2,813.11
14423,217,1,265.2
14424,17,1,322.08
14427,49,2,363.34000000000003
14428,6,5,1224.06
14431,302,1,470.36
14432,9,6,2248.5
14434,21,6,1372.8
14436,98,1,89.06
14438,305,1,131.9
14439,319,1,2661.24
14440,7,5,2357.6800000000003
14441,0,4,1712.89
14442,204,2,1589.82
14443,53,4,1420.2
14446,0,4,1010.35
14447,18,5,1163.23
14448,8,2,375.35
14449,18,4,885.8
14450,180,3,483.25
14451,59,2,643.9
14452,10,2,259.05
14453,189,1,119.93
14456,4,9,3017.28
14457,310,1,113.64
14459,154,1,1837.92
14460,109,3,434.34
14461,147,3,2103.06
14462,65,11,1980.57
14463,97,3,529.62
14465,246,3,1038.44
14466,28,7,2272.4
14467,17,4,596.26
14470,11,2,461.19
14472,103,8,1852.67
14473,73,2,234.34000000000003
14474,45,1,547.66
14475,71,3,925.85
14476,256,1,193.0
14477,19,4,1309.6
14479,253,2,316.25
14480,10,1,279.05
14481,164,2,636.51
14482,17,6,2022.81
14483,281,1,137.1
14484,49,1,321.92
14485,38,1,162.8
14487,26,6,1165.48
14488,67,1,1064.28
14489,206,1,463.38
14491,174,2,340.93
14493,6,5,2383.2400000000002
14494,25,1,139.56
14495,50,2,123.8
14496,311,2,538.8100000000001
14497,308,1,475.37
14498,42,5,1957.32
14499,25,3,808.44
14500,87,3,356.85
14501,183,2,251.21
14502,19,11,2429.83
14503,2,6,3543.26
14504,46,4,673.26
14506,16,5,1960.65
14507,23,6,1367.88
14508,21,2,268.05
14511,10,5,1314.81
14512,187,2,275.28
14513,100,3,455.59000000000003
14514,60,3,990.2
14515,17,6,2076.89
14517,32,2,330.45
14518,63,1,174.37
14520,1,2,270.6
14522,23,4,974.54
14523,107,1,241.09
14524,31,9,1843.83
14528,36,1,364.21999999999997
14529,59,3,578.61
14530,25,6,2862.11
14532,235,4,932.85
14533,24,7,1949.72
14535,59,3,2854.84
14536,259,1,170.95
14537,57,1,355.56
14538,64,2,388.25
14539,15,2,537.48
14540,9,3,952.66
14541,58,8,1453.35
14542,185,1,103.25
14544,23,2,2004.3
14546,4,5,2573.93
14548,150,2,652.8
14549,310,1,289.24
14550,10,2,757.37
14551,17,2,186.23
14552,151,1,164.22
14553,18,5,859.27
14554,9,4,2279.4900000000002
14555,56,2,312.54
14557,84,1,788.38
14561,75,3,1080.76
14565,95,4,3099.12
14566,110,1,1432.0
14567,56,2,1530.3600000000001
14569,0,1,227.39
14570,280,2,218.06
14572,2,7,2804.54
14573,179,9,1639.82
14577,12,4,859.71
14578,2,1,168.63
14581,16,1,138.6
14582,40,1,114.11
14583,5,5,986.96
14584,168,4,1033.06
14585,49,1,157.05
14586,276,1,237.36
14587,18,9,1580.29
14591,14,4,1320.21
14592,34,3,557.94
14593,21,3,617.15
14594,6,2,363.33
14595,19,6,1740.6
14597,10,2,866.24
14598,43,1,221.97
14600,305,1,393.33000000000004
14601,10,1,213.96
14603,274,1,660.0
14608,3,4,1785.15
14609,71,4,601.56
14616,242,3,406.08000000000004
14618,8,3,553.44
14619,245,1,394.44
14620,205,2,412.78000000000003
14621,0,5,1788.3600000000001
14622,184,1,320.58000000000004
14623,31,5,886.7
14624,56,2,225.85
14625,195,2,899.63
14626,23,4,2791.27
14628,90,2,671.96
14629,3,2,955.26
14631,50,3,1006.98
14632,262,1,114.56
14633,265,1,344.90000000000003
14636,35,2,609.85
14638,50,1,443.6
14639,51,6,2984.49
14640,23,6,2107.38
14641,21,1,110.46
14642,58,1,96.12
14643,169,2,693.8100000000001
14644,67,2,830.76
14645,156,2,597.09
14647,200,1,236.04000000000002
14649,4,4,1402.59
14651,66,2,653.75
14652,76,1,114.18
14653,0,7,1926.65
14655,7,4,1932.23
14656,168,2,291.05
14657,17,4,848.22
14658,4,2,247.15
14659,8,9,2529.93
14660,86,2,285.74
14661,26,1,107.95
14662,28,4,741.37
14664,19,2,636.24
14665,60,5,1835.7
14666,23,1,195.25
14669,241,3,1259.24
14670,279,2,392.86
14672,234,2,765.55
14673,2,5,1736.4
14675,15,1,596.36
14676,30,6,2548.2400000000002
14681,70,3,498.95
14682,187,2,52.0
14684,25,5,1201.51
14687,106,1,628.38
14689,208,1,112.8
14690,43,2,355.05
14691,30,5,2114.33
14692,136,4,591.55
14693,264,1,172.9
14696,3,7,2078.95
14697,217,2,188.60999999999999
14698,1,5,1217.27
14699,213,1,109.13000000000001
14700,31,3,2195.1
14701,10,9,2526.09
14703,14,1,318.17
14704,10,9,1493.96
14705,198,1,179.0
14708,2,3,1126.37
14710,13,4,599.48
14711,9,11,2839.62
14712,28,3,917.07
14713,8,11,2662.2
14714,23,1,160.19
14715,24,4,867.38
14716,42,2,307.51
14719,1,5,1581.84
14720,5,3,663.81
14722,146,1,180.42000000000002
14723,9,6,1122.3600000000001
14725,24,1,655.58
14727,273,1,268.58
14730,0,8,1897.57
14731,46,3,380.02
14732,7,8,2702.4900000000002
14737,3,3,1164.55
14738,42,7,1314.45
14740,196,3,1448.21
14741,11,6,1400.34
14744,15,7,1099.98
14745,112,5,1220.26
14747,248,1,328.2
14748,28,5,1415.75
14752,43,1,389.64
14753,86,1,563.15
14754,44,2,638.05
14756,14,1,738.96
14757,74,1,420.5
14758,144,4,1484.06
14759,4,3,1625.97
14760,296,1,89.2
14761,58,2,255.9
14762,263,1,300.52
14764,46,1,278.3
14765,28,3,254.11
14766,7,6,2473.37
14768,16,2,192.60000000000002
14770,231,2,876.42
14772,111,1,139.26
14775,57,3,1011.9
14776,50,11,2538.3
14778,126,2,730.86
14779,280,3,386.15
14780,54,2,447.68
14782,319,1,200.10000000000002
14784,25,2,289.99
14785,9,2,77.4
14788,6,2,679.4399999999999
14789,28,1,197.64
14790,16,4,745.06
14792,63,1,6.2
14793,20,1,228.99
14794,2,7,1319.91
14795,165,1,131.45000000000002
14798,52,3,173.74
14799,50,1,157.7
14801,60,1,189.34
14803,161,3,845.55
14804,8,1,353.27
14805,14,4,546.4
14806,74,1,193.39000000000001
14808,39,8,2718.6
14810,40,11,2085.33
14815,36,2,778.5
14816,196,1,271.85
14817,199,2,1110.34
14818,73,3,657.8
14819,63,2,272.07
14820,20,4,507.29
14823,179,3,321.43
14824,9,4,1127.71
14828,196,3,2139.76
14829,28,4,697.55
14830,52,1,188.88
14834,17,6,1720.3
14836,9,3,102.44999999999999
14837,89,4,1649.5
14840,267,1,62.85
14841,52,6,3295.76
14842,43,4,2824.69
14844,63,4,3189.81
14847,148,1,309.4
14850,311,1,325.75
14851,22,2,511.35
14852,57,6,2836.69
14853,23,2,475.8
14854,77,7,2740.03
14855,118,2,645.65
14856,35,3,1290.53
14857,59,2,1173.12
14859,12,4,1353.74
14860,18,1,170.32
14861,51,1,125.79
14862,25,2,841.1999999999999
14863,28,1,266.76
14865,6,2,52.2
14867,185,3,710.28
14868,2,8,2953.59
14869,8,2,721.45
14870,261,1,327.25
14871,2,4,501.28000000000003
14873,209,1,519.68
14875,107,2,1465.3200000000002
14878,12,9,1476.09
14880,76,3,690.59
14881,19,1,255.4
14882,26,2,589.7
14883,18,6,761.59
14885,131,1,765.3199999999999
14886,252,1,364.8
14887,78,1,1862.0
14888,206,1,369.2
14890,253,1,125.65
14891,147,2,554.38
14893,9,2,1237.8500000000001
14894,84,1,655.75
14896,204,2,468.77000000000004
14897,7,4,1366.38
14898,22,6,1269.31
14901,10,9,1421.29
14902,25,1,332.66
14903,20,5,2795.33
14904,1,2,1025.44
14905,157,2,616.15
14907,2,7,3501.1
14908,73,1,277.8
14910,2,4,434.35
14912,16,2,867.85
14913,35,4,1227.43
14915,90,2,307.48
14916,70,4,1268.98
14918,115,2,1610.15
14920,212,2,977.77
14921,29,2,1316.07
14923,50,1,749.1
14924,245,1,310.05
14929,31,1,223.88
14930,108,3,2362.96
14931,4,5,1257.68
14934,81,2,1890.94
14935,296,1,1784.71
14937,56,3,1621.88
14946,13,1,100.9
14947,71,2,290.82
14948,22,6,1101.97
14950,18,1,371.2
14951,78,1,311.69
14953,24,1,285.67
14954,11,1,294.85
14957,252,1,58.49
14958,146,3,483.72999999999996
14959,63,4,695.42
14960,7,2,221.27
14962,270,1,126.7
14963,9,5,1472.34
14964,246,1,206.21
14965,95,2,596.09
14966,14,1,183.02
14967,49,1,463.8
14968,29,1,147.59
14970,67,4,1592.06
14971,34,3,1097.98
14972,127,1,114.77
14973,106,3,1314.45
14974,36,1,89.94
14975,56,1,279.94
14976,56,7,790.86
14978,71,5,1921.3700000000001
14981,245,1,102.12
14984,18,2,202.37
14985,197,2,292.01
14987,15,2,326.4
14988,211,1,334.54
14995,38,2,231.98000000000002
14997,45,3,546.1999999999999
14998,169,2,414.87
15000,47,1,490.52
15002,115,4,1641.76
15004,146,1,1220.77
15006,50,1,480.38
15007,158,1,156.91
15009,11,3,1259.43
15010,35,1,308.94
15012,53,2,405.04
15014,42,2,257.67
15016,172,1,170.04
15017,33,1,125.58
15018,38,3,496.21000000000004
15019,266,1,252.81
15021,8,9,1871.77
15022,11,4,852.39
15024,9,10,1636.43
15025,32,1,361.96
15026,79,3,469.0
15027,30,4,1066.1499999999999
15028,7,4,627.13
15030,71,2,518.28
15031,3,4,653.19
15033,4,10,2557.18
15035,89,1,252.73000000000002
15036,71,3,429.56
15038,58,6,685.74
15041,169,1,179.93
15042,198,1,135.93
15043,30,1,537.0
15045,151,2,735.66
15047,269,1,343.62
15048,64,4,381.0
15049,273,1,121.17000000000002
15050,24,3,1737.69
15051,22,3,1383.3600000000001
15052,318,1,207.73000000000002
15053,4,3,693.95
15054,11,2,302.1
15057,274,2,1489.5
15058,24,11,2102.54
15059,40,9,1337.72
15060,7,4,294.25
15062,70,4,987.86
15063,212,1,370.79999999999995
15065,37,4,3158.13
15066,52,1,893.59
15067,77,3,1744.76
15068,45,2,553.36
15069,178,1,1109.53
15071,93,2,982.07
15073,9,3,1043.41
15074,104,1,735.67
15075,77,1,773.03
15076,172,1,880.85
15079,212,4,895.61
15081,21,5,504.8
15083,256,1,88.2
15087,281,1,306.94
15088,20,2,1160.07
15089,9,6,2420.84
15090,307,1,381.32
15091,67,1,480.71
15092,214,2,457.81
15095,103,4,1370.6
15096,42,1,219.39000000000001
15097,3,1,248.08
15099,83,1,410.48
15101,8,2,317.53
15103,30,2,703.36
15104,196,2,993.54
15105,17,7,2298.93
15106,17,5,1422.52
15107,310,6,319.5
15108,141,4,1300.25
15109,245,1,484.95
15110,23,4,996.1
15111,28,3,1567.48
15113,9,3,3509.43
15114,29,10,2760.56
15115,17,1,340.11
15116,17,4,1352.75
15117,14,5,1551.78
15118,133,1,244.8
15119,245,1,266.4
15120,133,1,358.82
15121,49,2,457.72
15122,113,3,1633.78
15123,6,2,2199.31
15124,22,2,184.19
15127,65,1,406.53
15128,59,4,1471.0
15129,49,11,3447.4
15130,169,1,330.11
15132,17,5,977.9300000000001
15133,127,3,982.42
15134,14,8,1387.99
15135,238,1,139.05
15136,2,4,1286.7
15139,239,2,178.96
15140,51,7,2354.25
15142,45,1,498.74
15143,225,1,259.45
15145,3,4,1194.73
15146,164,2,1327.16
15147,239,1,623.5
15148,10,1,301.29
15149,133,1,520.8000000000001
15153,30,1,329.25
15154,74,1,254.28
15156,0,3,961.49
15157,3,3,1936.07
15158,44,1,401.40000000000003
15163,17,2,304.47
15164,68,3,824.58
15167,320,1,158.8
15168,25,1,106.56
15172,8,5,1624.05
15174,322,1,135.75
15175,71,1,224.14
15178,259,1,40.5
15179,17,5,2206.95
15181,65,3,689.4799999999999
15182,153,2,622.85
15184,28,2,402.2
15185,69,1,310.62
15186,13,2,411.41
15192,119,3,1044.32
15193,60,1,499.32
15197,10,3,1079.6100000000001
15198,91,2,193.64
15199,58,4,1268.7
15201,86,5,1236.54
15203,25,6,1827.8
15205,84,2,653.24
15206,9,4,420.29999999999995
15208,0,5,870.12
15210,224,1,331.18
15211,59,2,894.4100000000001
15212,240,1,101.8
15213,318,2,328.35
15214,1,8,1661.44
15215,46,3,734.94
15216,87,1,96.6
15219,175,1,305.75
15220,51,6,1778.96
15222,318,1,585.0
15223,225,2,755.75
15225,233,1,409.40000000000003
15226,310,1,154.41
15227,36,5,1219.4
15228,65,4,3386.71
15230,238,2,429.6
15232,112,2,612.06
15234,276,1,197.0
15236,298,1,321.05
15237,1,4,1412.32
15238,28,3,1071.99
15239,9,2,780.59
15240,44,5,1706.57
15241,66,8,1756.44
15243,73,1,316.68
15244,64,2,631.57
15245,133,3,2515.84
15246,237,2,514.15
15247,121,1,356.0
15252,35,2,740.78
15253,15,5,918.1999999999999
15254,126,1,300.36
15255,66,1,890.85
15256,148,1,98.45
15257,282,1,317.15
15258,168,2,623.16
15260,99,7,1810.77
15261,134,1,254.82
15262,323,1,178.95000000000002
15263,106,1,156.51
15264,63,1,393.74
15265,150,2,1506.1200000000001
15267,21,5,1717.36
15269,23,1,408.8
15270,15,7,2379.49
15272,56,2,721.94
15274,3,2,716.57
15275,37,1,615.14
15276,65,1,128.63
15277,46,1,255.89999999999998
15280,171,1,113.12
15281,58,9,2332.15
15286,49,1,240.55
15287,21,2,486.69
15288,42,5,2306.52
15289,28,3,939.78
15292,200,1,178.39
15296,50,6,3672.86
15297,9,3,641.94
15300,63,1,496.44
15303,289,1,574.02
15304,60,8,694.4000000000001
15306,63,3,1174.35
15307,95,1,205.3
15308,273,1,310.47
15312,74,4,924.85
15313,109,1,52.0
15314,198,1,327.97
15315,63,2,570.5
15316,326,1,165.0
15318,3,1,312.62
15319,283,1,204.5
15320,43,1,267.13
15321,70,3,2748.31
15322,85,1,679.68
15325,103,1,161.74
15327,52,1,208.75
15329,38,3,1049.7
15330,31,2,714.96
15333,207,1,1028.56
15334,156,3,350.82
15335,53,1,170.22
15339,65,2,574.07
15341,80,1,2020.52
15342,129,1,406.09
15343,86,1,364.5
15344,0,3,563.94
15345,45,1,393.54
15348,71,1,158.04
15349,157,2,463.90999999999997
15351,11,7,1934.66
15353,254,2,770.12
15355,28,2,277.05
15356,30,10,2718.03
15360,39,1,427.93
15364,95,2,913.19
15365,25,7,2314.32
15366,74,2,602.51
15367,56,4,1877.59
15368,20,1,446.94000000000005
15370,40,7,2386.05
15372,136,1,2007.3999999999999
15374,128,1,168.0
15376,39,3,1221.56
15380,8,5,1690.2600000000002
15381,213,2,596.85
15384,169,2,642.41
15385,39,1,316.88
15386,185,1,394.14
15388,269,1,140.54
15389,171,1,500.0
15392,4,4,1535.53
15393,15,2,231.86
15394,9,4,2183.54
15395,325,1,107.45
15396,112,1,288.18
15397,289,1,94.0
15398,15,2,1345.53
15399,0,3,815.77
15400,91,5,716.2
15402,148,2,626.77
15405,188,1,349.1
15406,30,2,510.71000000000004
15407,33,4,1046.74
15408,263,1,267.18
15410,83,8,3450.84
15411,25,4,1348.93
15412,170,1,190.53
15414,9,3,774.9000000000001
15415,312,1,559.61
15417,84,1,508.8
15419,24,1,135.86
15421,58,4,950.36
15422,322,2,97.7
15423,37,1,43.5
15424,253,2,383.34
15426,18,5,1404.07
15427,32,3,1430.54
15428,14,1,93.78
15429,26,2,397.35
15432,22,1,171.19
15433,213,2,533.3
15434,7,5,1041.48
15435,21,1,149.29
15436,11,3,1067.75
15437,261,1,200.16
15438,130,1,156.57999999999998
15440,54,3,383.68
15442,248,1,594.0
15443,1,7,3213.59
15444,8,2,1411.21
15445,263,1,113.5
15448,312,1,494.64
15449,25,3,974.52
15450,29,1,429.84
15452,29,3,528.48
15453,1,7,1371.77
15456,282,3,434.59000000000003
15457,261,1,237.07
15458,24,1,161.64
15462,93,3,234.6
15463,28,1,126.14
15466,84,1,334.53
15467,8,3,524.88
15468,50,2,467.51
15469,49,2,538.55
15471,1,1,454.48
15472,112,1,371.56
15473,13,7,1771.2
15475,76,1,454.10999999999996
15478,39,2,1399.92
15480,115,1,905.5
15483,160,4,225.26
15484,0,4,3590.41
15485,29,3,2564.5
15488,92,1,91.32000000000001
15489,22,3,1134.28
15491,94,6,3100.09
15492,27,2,659.4599999999999
15493,32,5,1953.41
15494,20,2,1280.58
15497,17,2,1262.2
15500,7,4,1131.56
15504,80,1,52.83
15505,52,5,3610.96
15506,22,3,972.08
15507,171,1,475.86
15508,188,6,1000.27
15511,11,5,900.53
15512,155,2,121.0
15516,44,3,62.43
15517,232,1,267.03
15518,63,8,1921.55
15520,1,1,343.5
15521,39,8,3000.2
15522,32,2,397.99
15523,83,1,412.01000000000005
15524,24,1,440.0
15525,1,3,734.37
15526,32,2,148.44
15527,18,8,2428.53
15528,253,1,229.33
15530,21,4,1497.31
15531,7,2,1972.39
15532,24,4,1564.73
15533,18,3,807.57
15535,172,4,502.9
15537,162,1,110.92
15539,6,1,538.46
15540,10,1,213.3
15541,113,1,85.13000000000001
15543,287,1,127.86
15544,8,9,3546.71
15545,53,2,288.96999999999997
15549,76,3,1681.46
15550,3,4,575.63
15551,36,1,436.06
15552,216,1,90.12
15553,59,1,428.93
15554,277,1,217.2
15556,23,1,279.77
15557,28,1,468.91
15561,11,4,800.59
15563,21,4,1400.44
15565,49,2,173.16
15567,18,1,186.01
15568,2,3,758.29
15569,103,5,1375.71
15571,11,4,650.4300000000001
15572,4,7,2533.42
15573,31,2,591.1899999999999
15574,177,4,675.64
15576,37,1,921.37
15577,150,3,258.88
15578,161,1,127.1
15579,68,2,327.6
15582,24,3,682.9100000000001
15584,23,4,720.86
15585,176,1,455.3
15587,49,4,913.6800000000001
15589,255,3,478.53000000000003
15592,46,1,388.58
15593,70,1,199.8
15594,15,5,1771.78
15596,100,5,1406.59
15597,34,1,324.57
15598,52,1,240.68
15599,26,2,761.74
15602,7,9,1297.8700000000001
15603,78,1,48.480000000000004
15604,51,1,216.39
15605,35,5,1198.23
15606,60,9,2920.16
15608,27,4,1093.68
15609,183,1,298.48
15610,51,1,112.46000000000001
15612,35,2,195.15
15618,32,4,776.851
15619,10,1,336.40000000000003
15620,56,3,1553.18
15621,3,4,1293.03
15623,140,1,301.03
15624,116,4,588.13
15625,103,4,1534.26
15626,74,2,675.8
15628,4,9,2870.2400000000002
15630,44,2,1186.35
15632,15,8,3285.31
15634,16,1,243.55
15636,89,2,724.76
15637,52,1,223.36
15639,133,1,425.32
15641,104,4,1887.2
15643,191,3,664.0
15644,165,4,803.54
15645,18,1,612.01
15646,157,3,447.64000000000004
15648,203,2,639.5
15651,36,3,646.3
15652,90,1,337.74
15653,92,2,877.4399999999999
15654,8,2,922.53
15655,242,1,560.67
15656,44,4,748.5
15657,22,1,30.0
15658,189,5,1024.1000000000001
15659,43,1,306.45
15660,24,9,1600.86
15661,316,2,309.8
15663,105,1,138.14
15664,50,1,386.43
15665,167,2,2222.21
15667,39,1,301.32
15668,217,1,76.32000000000001
15669,39,4,684.34
15670,296,1,173.05
15671,18,7,2657.13
15673,87,4,2726.23
15674,72,5,2446.6
15675,80,3,323.69
15676,18,3,3435.76
15677,48,1,657.23
15678,52,1,352.7
15679,23,4,781.28
15680,8,3,1333.68
15681,24,5,1426.16
15683,116,1,193.75
15687,8,9,2993.1
15689,119,2,254.1
15690,3,2,239.76
15691,251,1,136.8
15692,27,1,191.04
15695,266,2,409.98
15696,32,8,2711.11
15699,17,1,309.65
15700,171,2,696.68
15701,1,4,1529.0
15703,264,1,211.5
15704,139,4,2293.62
15705,200,1,143.1
15706,63,4,1060.56
15707,34,4,916.98
15708,40,7,3235.25
15709,283,1,133.25
15712,8,5,1072.3600000000001
15713,142,2,356.7
15714,11,2,330.03000000000003
15716,145,4,1101.1100000000001
15717,233,1,150.3
15720,23,1,598.73
15721,11,1,471.40000000000003
15722,35,5,2211.21
15724,200,2,218.25
15725,14,1,415.25
15729,212,1,85.0
15730,65,3,1120.88
15732,211,2,294.12
15733,282,1,162.3
15734,114,2,1339.45
15737,14,8,1188.1200000000001
15739,65,1,449.12
15740,48,1,154.88
15743,15,4,775.96
15744,77,1,34.8
15745,18,4,1094.59
15746,133,1,196.88
15747,12,3,946.64
15748,39,1,144.36
15750,2,8,2463.05
15752,39,7,2626.6
15753,304,1,79.2
15754,50,3,458.57
15755,9,6,2364.25
15756,60,4,528.01
15757,65,2,714.42
15758,24,1,205.25
15759,217,3,253.04
15762,64,2,583.75
15763,31,2,1086.92
15764,87,6,3279.97
15766,63,1,315.06
15768,115,3,621.8299999999999
15773,5,1,635.6800000000001
15774,68,1,270.8
15775,244,1,104.9
15776,132,1,241.62
15777,240,4,1047.11
15780,183,3,475.28000000000003
15781,24,3,345.46
15782,9,3,2614.7400000000002
15783,10,1,246.3
15785,32,5,2328.9700000000003
15787,25,3,933.26
15790,9,1,218.75
15791,43,2,1612.69
15793,14,3,965.61
15795,149,1,610.01
15796,0,8,2708.61
15797,112,4,2207.4
15799,75,3,884.14
15800,106,2,696.89
15801,45,3,1063.95
15802,142,1,451.42
15803,50,1,415.82000000000005
15806,45,3,784.58
15807,49,3,903.9
15808,305,4,3651.27
15809,35,5,515.77
15810,78,4,1391.98
15811,21,6,2218.62
15812,106,5,1801.14
15813,207,2,1303.9099999999999
15814,16,4,1945.33
15815,63,5,2100.6
15819,48,4,1905.45
15820,319,1,206.98
15821,43,2,570.96
15822,2,2,885.47
15825,171,1,532.94
15826,55,3,1654.31
15829,98,2,636.14
15830,37,1,576.0
15831,57,3,794.64
15832,253,1,836.79
15834,69,4,2225.15
15835,43,4,954.09
15836,49,1,137.37
15837,64,1,391.98
15839,32,3,1048.49
15840,58,2,355.56
15841,72,4,1224.06
15843,303,1,118.95000000000002
15844,45,1,130.73999999999998
15847,37,2,389.27
15850,18,2,234.88
15852,186,2,160.71
15853,51,1,110.8
15855,136,5,712.24
15857,18,1,297.0
15858,15,5,1427.57
15860,40,8,965.16
15861,11,8,3146.92
15862,7,4,832.88
15863,25,2,68.84
15864,21,6,1936.3200000000002
15865,40,3,895.13
15866,100,1,211.89
15869,276,2,149.64
15870,32,1,351.44
15872,14,2,316.25
15877,1,2,490.33
15881,311,5,501.39000000000004
15882,198,4,516.36
15883,1,2,396.48
15885,92,3,379.35
15886,59,1,181.09
15888,80,1,168.31
15889,156,2,420.07
15891,226,1,511.68
15894,252,2,258.25
15895,149,1,179.17
15897,193,2,208.59
15898,0,5,1383.83
15900,23,1,337.28
15901,16,3,351.73
15904,7,1,164.68
15906,19,7,1567.69
15907,3,3,882.72
15909,173,1,191.94
15910,0,8,1228.88
15912,177,2,264.62
15916,15,8,1502.8600000000001
15917,247,1,123.1
15918,190,2,334.23
15919,19,2,525.69
15920,153,4,167.5
15921,172,1,323.03000000000003
15925,193,1,207.15
15930,66,1,426.63
15932,3,8,2495.87
15933,20,3,1107.46
15935,238,2,416.86
15937,63,1,145.35
15938,111,5,404.58
15940,310,1,35.8
15942,133,1,337.44
15944,276,1,325.1
15947,82,1,1708.24
15948,7,2,955.24
15949,16,2,364.72
15950,31,4,1744.71
15951,8,2,708.22
15952,33,4,781.91
15953,14,8,1657.28
15957,31,1,428.89
15958,73,1,104.35
15963,19,2,470.76
15965,16,4,808.87
15967,22,2,397.68
15969,2,3,666.1
15970,303,1,314.1
15974,38,7,3442.15
15975,83,1,371.01
15976,164,2,427.64
15977,16,2,1054.73
15978,76,1,1098.78
15980,88,3,2398.86
15981,24,8,3408.48
15983,21,4,1465.12
15984,2,10,2780.63
15985,122,2,1142.42
15986,29,1,168.12
15987,11,7,1432.77
15988,18,1,156.78
15990,43,2,792.11
15992,3,1,41.989999999999995
15993,8,7,2777.67
15994,54,1,414.27
15996,87,6,1032.58
15998,36,5,3080.22
16003,29,5,2735.37
16005,11,4,578.71
16006,210,1,101.4
16007,47,4,1693.81
16008,23,3,478.78
16009,21,4,972.11
16010,245,3,392.4
16012,34,3,1415.29
16014,37,3,646.83
16015,3,3,704.55
16016,2,8,1465.51
16017,46,1,211.88
16018,38,2,408.90000000000003
16020,16,3,851.01
16022,259,1,602.63
16023,45,3,719.81
16024,11,1,251.03
16025,29,1,439.65999999999997
16026,42,1,236.09
16027,91,6,934.62
16030,309,1,331.24
16031,91,2,547.9
16034,195,3,437.7
16036,86,2,758.92
16037,269,3,855.02
16038,7,3,471.78000000000003
16040,64,3,1313.55
16041,30,3,3166.4
16042,21,5,1177.47
16043,37,4,773.99
16045,119,4,1340.7
16049,39,3,1074.81
16050,173,1,137.9
16052,53,1,362.06
16053,32,2,1511.95
16054,144,1,783.9
16055,220,1,134.8
16056,44,1,650.75
16057,15,7,2263.12
16059,65,6,1453.16
16062,9,4,1153.62
16063,259,1,335.32
16066,16,5,1521.04
16070,21,2,852.15
16071,44,1,326.24
16072,287,1,584.3199999999999
16073,296,1,122.39999999999999
16076,2,10,2234.73
16078,283,1,79.2
16079,16,3,1352.0
16080,81,2,217.16
16081,55,5,2799.42
16083,100,2,1317.62
16084,298,1,436.18
16085,22,5,981.51
16086,58,5,1121.39
16091,154,2,315.06
16092,114,3,817.86
16093,106,1,17.0
16094,11,4,1078.23
16096,263,1,320.62
16097,239,1,185.04999999999998
16098,87,7,2005.63
16099,49,3,731.9
16101,70,1,1290.7
16102,41,3,1842.14
16103,6,6,1429.64
16104,61,1,298.21
16105,248,1,336.96
16106,65,1,108.38
16107,17,7,3204.1600000000003
16108,84,1,842.5
16109,218,2,611.88
16110,44,3,1320.95
16112,142,4,195.73999999999998
16113,182,1,161.38
16114,170,1,135.75000000000003
16115,9,8,1660.8799999999999
16116,211,1,612.78
16117,189,1,232.21
16119,7,2,423.36
16120,58,4,1309.14
16121,56,2,854.66
16122,72,4,684.4200000000001
16123,51,1,307.78
16124,316,1,249.0
16127,38,1,656.25
16128,17,5,1880.22
16131,51,6,3506.54
16134,21,2,618.09
16135,262,1,517.55
16136,59,3,709.38
16139,18,3,635.41
16140,65,2,725.18
16141,87,1,620.4
16142,249,1,535.34
16143,2,6,2424.94
16144,246,1,175.2
16146,156,3,734.13
16147,133,1,375.0
16148,295,1,76.32000000000001
16149,4,2,280.52
16150,42,5,2053.02
16152,268,1,1829.04
16153,49,5,1824.23
16156,8,9,3092.04
16157,15,3,656.69
16159,281,1,348.2
16160,64,2,1025.44
16162,251,1,37.4
16163,231,2,856.6
16164,16,3,822.48
16169,7,4,1822.97
16170,50,6,1885.05
16171,58,1,73.2
16172,94,5,1140.21
16173,15,6,1418.32
16174,125,3,1009.5500000000001
16175,93,4,1037.59
16177,49,1,331.95
16178,137,1,197.9
16179,60,1,215.83
16181,72,1,305.54
16183,66,1,338.71000000000004
16184,63,6,1158.79
16185,16,2,529.41
16188,44,4,981.86
16189,15,2,215.48
16190,39,1,215.08
16193,236,1,314.45
16198,74,1,400.68100000000004
16200,3,2,1068.8700000000001
16201,2,4,1863.47
16203,58,4,592.9
16204,22,1,384.18
16205,30,4,757.63
16206,54,4,537.0600000000001
16207,24,1,394.38
16208,44,2,664.26
16209,88,5,2262.62
16211,88,1,547.02
16212,18,2,690.34
16213,78,1,159.0
16214,170,3,1062.75
16215,80,1,242.35
16216,266,1,914.9300000000001
16217,234,2,304.25
16218,29,7,3084.68
16221,36,3,860.86
16222,317,1,773.5500000000001
16224,56,4,1295.3
16225,44,5,1096.32
16226,202,3,255.12
16227,224,1,314.22
16229,86,2,1010.6
16230,189,2,542.03
16232,43,4,990.88
16233,70,3,536.6800000000001
16235,40,5,867.31
16236,77,1,432.2
16239,56,2,414.2
16242,7,7,3579.86
16243,33,2,409.1
16244,211,2,1522.75
16245,23,3,1413.66
16247,169,1,114.56
16248,61,1,152.94
16249,52,5,1800.07
16250,260,2,389.44
16253,66,2,3683.86
16255,16,8,2619.91
16256,266,1,752.4300000000001
16257,176,1,46.95
16260,50,1,1035.45
16261,16,4,728.54
16266,73,7,861.89
16268,70,2,667.65
16271,2,5,1404.64
16272,116,1,411.7
16275,196,1,559.87
16276,176,1,810.6000000000001
16278,99,1,566.38
16279,20,3,1502.78
16281,71,1,2062.06
16283,5,5,1570.81
16284,30,2,812.68
16287,169,1,142.5
16292,121,1,302.25
16293,21,10,2248.9900000000002
16295,9,4,1328.55
16297,268,1,301.9
16298,22,3,598.2
16302,126,1,233.22
16305,138,1,361.21999999999997
16306,213,6,632.27
16308,37,4,2560.0
16309,105,2,706.57
16311,17,2,616.26
16313,2,2,274.15000000000003
16316,63,8,2938.91
16317,119,3,1341.65
16318,34,1,328.15
16319,217,1,404.40000000000003
16320,171,2,1038.46
16321,71,5,373.65000000000003
16322,0,2,326.75
16323,195,1,207.50000000000003
16324,127,3,408.59000000000003
16325,46,3,594.24
16330,17,3,251.91
16332,27,7,1582.8
16337,36,1,151.05
16338,156,1,214.79999999999998
16339,283,1,94.05
16340,106,1,534.31
16341,24,4,1971.87
16342,74,4,322.41
16343,15,2,328.58
16344,157,1,101.10000000000001
16345,43,1,565.46
16347,10,2,847.45
16348,31,7,1415.65
16349,290,1,53.5
16350,20,4,1116.47
16352,17,2,494.44
16354,62,2,395.8
16356,197,3,211.77
16357,32,3,658.88
16358,0,4,2027.5
16359,6,9,1750.92
16360,4,6,3450.41
16361,9,4,891.21
16362,31,5,709.99
16363,52,1,109.36000000000001
16364,11,2,705.79
16365,17,9,1540.42
16366,18,1,327.3
16367,36,2,800.67
16368,1,2,479.91
16369,17,3,1545.41
16370,81,4,1301.91
16372,32,2,355.73
16374,65,2,466.73
16376,8,2,974.96
16377,266,1,676.2
16378,246,3,362.95
16379,3,4,2157.4
16380,60,1,1743.1499999999999
16383,74,2,643.76
16384,89,2,584.5
16385,59,3,554.86
16386,28,2,302.57
16387,322,1,94.36
16389,52,4,1382.07
16392,269,1,217.89
16394,56,5,1555.34
16395,60,5,1482.06
16398,153,2,1705.8
16399,18,2,408.02
16400,94,1,303.93
16402,264,2,293.45
16403,311,1,177.5
16404,69,1,443.05
16405,301,2,167.25
16406,18,1,154.35
16407,12,10,2079.68
16409,35,5,2022.98
16411,18,2,211.7
16412,53,1,135.99
16413,56,1,262.2
16414,21,2,126.25
16415,43,1,200.27
16416,26,3,1051.4
16418,44,3,631.12
16419,112,6,958.71
16423,24,1,346.12
16424,190,1,133.56
16425,301,1,302.7
16426,1,10,1863.76
16427,262,2,241.06
16429,105,1,284.55
16430,56,1,300.85
16431,212,3,623.28
16432,63,1,287.4
16433,27,1,184.26
16434,28,7,1511.8
16438,5,5,798.35
16440,7,5,3640.67
16441,66,2,381.2
16442,1,3,609.3
16444,45,4,654.67
16445,33,1,230.51
16447,135,1,255.91
16448,197,1,182.99
16449,197,2,707.69
16450,149,1,311.92
16451,87,1,266.97
16454,44,2,6.9
16455,63,7,1841.18
16456,98,5,2158.18
16457,217,1,208.36
16460,27,3,811.23
16461,177,1,142.92
16462,73,3,136.0
16463,20,4,1422.4
16464,19,3,1298.66
16466,33,7,1595.96
16468,73,1,74.9
16469,23,4,625.42
16470,51,4,752.77
16471,274,1,223.95000000000002
16473,164,3,316.11
16474,6,7,1810.65
16475,87,4,544.3
16477,63,7,2494.46
16478,24,3,331.0
16479,9,2,300.83
16480,75,1,769.29
16482,15,1,220.62
16483,191,1,139.35
16484,173,2,404.3
16485,76,1,363.65
16488,32,3,498.8
16491,46,1,731.5
16493,79,4,1351.63
16494,296,1,826.53
16495,2,3,648.26
16496,8,3,1599.52
16497,49,6,2965.69
16498,160,2,100.97
16500,4,6,400.86
16503,106,4,1431.93
16504,24,1,465.88
16505,31,1,777.6
16506,19,2,90.30000000000001
16509,296,1,363.7
16511,21,3,918.33
16513,4,4,874.59
16515,51,5,1624.14
16516,29,1,101.69999999999999
16517,276,1,162.7
16518,60,2,484.32
16519,24,2,215.07999999999998
16520,185,3,1046.57
16526,171,1,290.36
16527,80,1,228.06
16528,3,1,244.41
16529,189,1,455.25
16531,21,7,1244.59
16533,18,3,1082.81
16535,4,1,593.75
16536,109,1,548.12
16539,2,4,1388.81
16542,53,1,119.62
16545,164,1,339.3
16546,290,2,787.15
16550,108,5,2298.97
16551,95,3,922.12
16552,242,2,379.73
16554,41,3,837.1
16555,34,2,285.89
16556,66,7,3313.79
16557,23,2,281.85
16560,26,2,841.41
16561,5,2,511.12
16563,53,1,1077.74
16566,14,5,614.66
16567,193,2,865.6
16569,2,1,124.2
16571,26,3,1421.69
16572,126,3,1009.6
16573,84,2,663.61
16574,70,1,451.44
16581,182,1,105.84
16582,112,1,313.62
16584,79,2,936.08
16586,248,1,463.95
16587,231,1,225.15
16589,70,3,459.24
16591,68,1,213.5
16593,50,3,330.03
16594,74,1,181.09
16595,60,1,360.16
16596,15,2,250.15
16597,3,1,90.04
16598,285,1,145.04999999999998
16600,3,6,813.52
16601,40,1,242.7
16602,35,1,528.08
16603,74,2,482.47
16610,218,1,75.66
16611,185,1,129.49
16612,32,4,1187.66
16613,69,1,618.59
16614,182,1,506.19
16616,14,2,500.42
16617,235,1,151.85
16618,30,5,2647.59
16619,263,1,226.21
16620,3,2,178.96
16621,51,4,813.48
16623,245,1,129.45
16624,80,2,810.5699999999999
16625,274,1,333.08
16627,78,1,322.8
16628,29,5,2188.05
16629,73,2,408.63
16633,16,6,2883.1
16634,222,2,217.9
16637,31,4,1154.47
16638,22,10,1680.72
16639,30,3,1257.51
16641,105,1,231.10000000000002
16642,4,2,688.33
16643,245,1,487.51
16644,177,2,833.78
16647,169,2,214.06
16648,42,1,290.65999999999997
16650,71,1,518.42
16653,15,2,1212.66
16654,140,4,601.27
16657,9,4,874.43
16659,188,1,39.12
16660,15,4,1267.6499999999999
16666,18,1,118.98
16667,67,2,567.1800000000001
16668,14,6,306.71999999999997
16669,23,3,1348.88
16671,27,3,1692.27
16674,54,2,304.24
16676,33,4,1592.1200000000001
16680,42,1,183.7
16681,72,6,1770.34
16682,4,5,1028.0
16685,60,2,324.24
16686,46,7,2959.88
16688,0,4,1260.86
16689,75,2,422.59999999999997
16690,71,2,225.57999999999998
16692,255,2,1276.0
16693,68,2,477.86
16696,134,4,657.9000000000001
16697,240,1,112.75
16698,226,2,1998.0
16706,36,3,531.35
16708,45,1,656.63
16709,84,5,3029.87
16710,18,10,2467.99
16711,2,5,1651.03
16712,8,11,3611.31
16714,218,3,1129.06
16715,77,1,301.71999999999997
16716,266,2,901.2
16719,14,7,1770.22
16720,25,1,152.95
16721,261,1,292.47
16723,90,2,576.4
16725,301,7,758.27
16726,25,5,1358.74
16728,45,4,1048.28
16730,51,3,743.11
16732,31,1,603.75
16734,51,3,646.76
16735,78,5,2247.41
16737,52,1,417.59999999999997
16738,297,1,3.75
16739,176,1,323.0
16742,46,1,464.9
16743,28,7,2213.13
16744,10,7,1291.91
16747,37,2,836.06
16748,17,5,1515.9
16750,44,5,623.93
16751,30,1,1764.72
16753,57,1,223.92000000000002
16755,113,3,1475.43
16756,214,1,239.4
16757,318,1,106.83000000000001
16758,64,1,369.34000000000003
16759,7,3,789.79
16761,96,1,316.62
16762,19,3,1207.24
16763,198,1,611.85
16765,293,1,34.0
16766,272,2,1145.6
16768,47,3,478.09000000000003
16769,259,1,361.54
16770,57,5,757.1
16771,32,5,2242.61
16773,56,1,171.59
16774,67,4,661.52
16775,9,11,1691.51
16776,59,1,371.54
16777,79,2,222.62
16778,73,2,245.94
16780,99,2,422.24
16784,19,1,107.6
16788,122,2,594.39
16789,7,1,80.8
16790,3,6,1545.6200000000001
16791,28,7,1705.78
16792,281,2,110.38000000000001
16793,56,1,243.84
16794,0,10,1196.5
16796,88,1,305.62
16800,10,1,1162.65
16801,162,4,1594.23
16803,64,1,332.3
16804,22,3,536.99
16805,173,2,460.59
16806,102,4,762.16
16807,142,3,1121.59
16808,98,2,288.42
16809,22,5,914.69
16810,191,1,309.54
16811,4,2,547.07
16813,7,10,1652.18
16816,102,4,417.06
16817,2,9,1604.75
16818,10,11,3349.57
16820,95,1,497.61
16823,226,1,358.38
16824,15,2,460.64
16825,38,2,775.1800000000001
16826,50,1,341.7
16828,92,2,128.5
16829,156,1,197.22
16830,38,1,325.91
16832,183,3,199.15
16833,0,4,1106.53
16834,227,1,413.46
16835,127,2,180.85
16836,39,2,251.87
16837,30,11,3170.98
16838,196,2,588.85
16841,36,6,1869.82
16842,100,3,1264.19
16846,49,1,214.32
16847,42,1,193.44
16848,52,1,281.42
16849,186,1,124.57
16851,3,3,342.45
16852,9,2,144.91000000000003
16855,23,2,328.4
16856,14,1,35.400000000000006
16859,144,2,747.81
16861,59,2,173.76
16863,30,2,502.8
16866,140,3,207.73999999999998
16869,22,4,817.12
16871,21,6,2812.34
16872,76,3,680.02
16875,66,5,2095.53
16877,11,6,846.62
16878,83,1,13.3
16880,30,7,1491.43
16881,66,1,432.0
16882,66,3,705.12
16883,186,2,272.48
16884,37,2,429.84000000000003
16885,14,3,450.41
16887,34,1,192.32999999999998
16889,194,3,1578.67
16891,1,5,742.43
16892,0,5,518.19
16895,64,1,202.27
16897,298,2,289.78
16898,25,3,501.03
16899,7,6,1271.06
16900,16,3,887.11
16902,115,1,1706.88
16903,28,1,363.2
16905,4,7,3037.6
16906,81,4,559.59
16907,28,5,928.76
16909,71,1,379.14
16910,3,8,1508.96
16912,28,11,2555.58
16913,289,1,113.44
16914,35,1,183.76
16915,8,6,621.6800000000001
16916,23,2,562.41
16917,276,1,391.52
16918,49,6,1068.82
16919,155,11,2592.25
16921,60,1,154.18
16924,20,3,829.89
16927,115,3,543.05
16929,3,7,1295.39
16930,25,3,378.89
16932,52,1,150.23000000000002
16933,0,2,563.23
16934,54,2,931.03
16936,25,1,261.9
16938,8,4,2711.6800000000003
16940,51,3,3049.88
16942,12,9,1904.99
16943,211,3,816.73
16947,235,1,406.48
16948,138,3,435.02
16949,3,6,1286.27
16950,56,3,1178.56
16951,134,3,1277.75
16952,108,2,167.61
16953,29,1,20.8
16954,0,9,2085.08
16955,184,4,518.67
16956,17,1,308.74
16957,238,2,416.64
16959,86,1,117.35000000000001
16960,38,3,507.05
16961,115,1,234.17
16963,186,1,110.55000000000001
16965,226,1,201.19
16966,7,7,2154.97
16967,188,1,319.02
16968,3,2,439.43
16969,38,3,650.41
16971,37,1,357.21
16976,266,1,251.51999999999998
16978,77,1,344.33
16979,3,6,1852.0
16980,254,2,1028.46
16982,60,1,384.06
16983,12,7,1905.87
16986,29,2,1873.2
16987,2,7,1616.8
16988,4,1,126.12
16989,6,6,1133.25
16990,218,1,179.0
16992,10,5,1614.31
16996,29,6,1456.96
16997,287,3,702.0
16998,149,4,295.0
16999,22,2,484.82
17002,85,3,1493.73
17004,45,2,1312.1399999999999
17006,4,4,781.78
17007,50,6,889.9300000000001
17010,17,1,195.36
17011,29,1,270.9
17014,7,3,583.4300000000001
17015,28,3,1838.6100000000001
17018,40,2,920.1
17019,10,4,1258.08
17022,30,1,71.0
17024,44,3,95.85
17025,60,3,357.77
17026,184,2,154.82999999999998
17027,78,6,877.5600000000001
17029,110,2,716.0
17030,63,1,146.87
17031,11,2,380.35
17033,85,3,1030.14
17034,15,3,745.52
17035,245,2,433.53000000000003
17037,87,1,1267.32
17038,29,1,112.4
17040,137,1,449.73
17041,26,3,1071.49
17042,2,5,1036.58
17043,31,4,1735.18
17044,24,1,948.48
17045,112,3,339.44
17046,156,1,642.02
17047,84,3,1100.9
17048,117,3,925.35
17050,95,6,3185.64
17051,193,1,240.89000000000001
17052,27,1,399.09
17053,130,1,498.48
17054,27,5,1356.33
17058,81,3,1179.89
17059,29,5,3080.39
17060,265,1,234.24
17062,313,4,533.33
17063,20,7,1461.14
17064,58,3,855.45
17069,27,9,2709.7000000000003
17070,113,1,304.24
17071,27,9,2429.03
17073,17,4,1446.09
17075,17,4,834.12
17076,35,3,841.0799999999999
17078,35,2,378.2
17079,77,1,118.80000000000001
17080,21,2,287.62
17081,24,2,288.91
17082,32,2,2003.85
17083,108,3,1405.78
17084,34,2,2747.9900000000002
17085,122,5,1562.4
17086,6,6,2050.08
17088,27,4,1991.01
17090,3,7,1974.65
17092,49,4,1774.03
17094,321,1,302.0
17095,22,3,1324.16
17096,14,4,1022.13
17097,1,8,954.42
17100,17,2,971.74
17101,9,4,1621.73
17102,261,1,25.5
17105,158,2,665.78
17109,28,6,881.29
17110,164,1,163.29999999999998
17111,46,1,231.61
17114,5,8,801.12
17115,7,3,837.5
17117,287,1,116.19999999999999
17118,317,1,157.02
17119,2,2,606.91
17120,232,1,307.46
17122,118,1,138.32
17123,161,1,345.29999999999995
17124,184,1,294.24
17125,49,1,230.5
17126,151,5,989.45
17131,4,5,2463.17
17134,106,2,413.2
17135,15,7,1139.73
17138,275,1,380.5
17140,246,1,454.12
17142,238,1,579.0
17144,0,2,984.57
17146,105,3,749.78
17147,22,4,1714.59
17148,51,1,124.88
17152,194,3,1689.5
17153,23,1,213.78
17154,74,1,329.34
17155,17,2,251.70000000000002
17157,7,2,319.0
17158,31,3,1266.97
17159,21,3,1538.88
17160,30,6,3518.03
17162,28,10,1715.46
17163,21,2,293.1
17164,32,7,2467.35
17165,283,1,158.68
17166,38,2,206.34
17169,57,2,835.78
17171,288,1,224.91
17172,78,1,317.76
17174,217,1,59.9
17175,43,4,1443.69
17176,201,1,306.13
17179,177,3,711.79
17180,55,4,783.97
17181,56,2,239.92000000000002
17183,7,6,3347.31
17186,46,2,144.0
17187,226,1,203.95
17188,10,7,2474.23
17189,105,2,383.75
17190,58,2,444.74
17191,27,7,2093.68
17193,35,7,1699.3000000000002
17194,273,2,262.62
17197,29,1,1013.01
17198,23,3,692.22
17201,53,1,289.78
17203,35,6,3560.08
17204,174,4,1564.56
17205,53,1,384.08
17206,52,1,204.24
17211,26,8,2317.2200000000003
17212,252,1,226.85
17213,39,7,2781.23
17214,59,6,1059.1200000000001
17217,233,1,113.5
17218,3,10,1951.97
17219,31,1,114.23
17221,6,2,334.48
17222,64,1,328.65
17223,309,2,416.89
17226,308,1,393.49
17227,18,6,939.32
17228,15,8,1906.09
17229,95,2,318.76
17230,263,8,3638.41
17231,11,10,3124.72
17232,2,2,417.77
17233,34,1,190.88
17234,182,1,149.89000000000001
17235,24,2,550.06
17236,12,6,916.13
17237,10,2,314.69
17239,312,1,382.5
17242,107,2,1135.04
17244,52,1,954.9
17245,204,1,171.45
17247,14,1,280.09000000000003
17248,119,1,318.65
17250,3,2,381.97
17252,116,2,348.91
17253,17,1,178.26
17254,4,2,271.19
17255,40,2,291.48
17256,106,2,240.0
17259,147,2,581.23
17262,51,5,1253.3600000000001
17263,207,1,63.440000000000005
17265,138,2,550.01
17266,1,3,296.58
17267,126,2,317.2
17268,107,4,763.64
17272,41,4,2148.63
17274,34,1,107.82
17277,227,2,1065.3500000000001
17278,240,1,246.04
17279,57,1,187.82999999999998
17282,129,3,1685.46
17284,59,6,1647.48
17286,21,1,151.37
17287,25,7,1049.06
17288,8,7,1417.63
17289,31,3,931.02
17290,3,2,513.01
17291,307,1,550.8000000000001
17293,7,9,1854.06
17295,28,3,547.0
17297,16,1,128.18
17298,100,2,498.42
17299,11,4,656.61
17301,20,1,163.24
17302,14,5,1135.63
17309,94,1,82.75
17311,77,2,1384.85
17312,138,3,644.3
17313,30,1,2328.84
17314,24,8,2527.92
17317,45,3,2600.34
17320,99,3,1200.6200000000001
17321,7,2,657.16
17323,14,7,906.52
17324,17,4,986.48
17325,279,1,96.8
17329,13,2,523.11
17330,22,2,363.9
17331,123,1,175.2
17333,85,1,494.25
17334,301,2,307.02
17337,150,4,1981.06
17339,93,2,243.36
17341,156,3,682.29
17344,45,1,157.62
17345,14,4,519.6899999999999
17347,85,1,228.96
17348,14,5,1156.6
17349,178,1,98.25
17350,7,4,1281.32
17351,35,3,587.15
17353,128,2,1740.0
17354,50,1,1393.06
17356,311,1,178.22
17357,23,2,384.39
17358,302,2,360.81
17359,10,1,127.86
17360,16,3,568.24
17361,48,3,488.2
17362,238,2,312.23
17367,237,1,167.55
17368,22,8,1878.87
17370,72,4,446.18
17371,16,3,418.4
17372,40,8,1337.18
17373,39,4,646.92
17374,218,2,495.77
17375,198,3,400.1
17376,70,2,203.2
17379,10,1,389.71999999999997
17382,64,1,65.4
17383,3,1,193.39000000000001
17384,18,2,336.4
17385,14,1,256.11
17386,7,6,2686.42
17387,19,2,746.81
17388,77,4,1259.56
17391,163,2,508.8
17392,306,2,417.27
17394,218,1,203.86999999999998
17397,21,2,681.41
17398,114,3,653.38
17400,125,5,2097.84
17403,35,1,263.92
17405,0,3,1031.41
17408,162,1,32.65
17409,184,2,771.85
17410,15,5,1214.72
17411,11,3,778.94
17412,2,7,1258.06
17414,43,2,778.0
17415,79,1,507.84
17418,41,2,463.46000000000004
17420,49,3,598.83
17422,15,6,1979.37
17423,45,2,698.41
17425,18,2,759.17
17427,71,1,100.8
17429,127,3,524.9200000000001
17430,32,2,265.76
17431,312,1,403.3
17432,17,2,365.76
17433,87,1,303.15999999999997
17434,1,7,2373.82
17436,1,2,216.29999999999998
17438,253,1,388.45000000000005
17440,156,3,186.42000000000002
17442,36,6,2248.56
17443,219,1,534.24
17444,147,3,2940.04
17446,176,2,120.9
17447,39,2,541.53
17449,1,7,2519.21
17451,0,7,1721.4
17453,17,2,486.71999999999997
17454,191,4,517.53
17455,203,1,131.7
17457,126,5,1737.7
17458,14,1,316.5
17459,42,2,657.3
17460,93,6,622.4300000000001
17461,22,3,735.82
17462,59,2,675.69
17463,15,5,1875.86
17464,157,1,289.96000000000004
17466,9,2,763.28
17468,9,2,137.0
17469,15,5,1870.97
17470,44,5,1125.07
17472,190,3,697.54
17475,78,1,194.37
17480,77,1,511.82
17481,3,4,1255.59
17483,64,3,414.04
17486,260,1,396.87
17489,58,2,376.64
17490,0,7,2092.32
17491,0,10,3558.87
17492,247,1,374.57
17495,7,2,497.56
17498,75,1,272.22
17499,289,1,622.88
17500,16,3,1138.0
17501,220,2,288.6
17502,8,4,689.1
17503,2,2,558.96
17504,205,9,2997.0299999999997
17505,161,2,1145.84
17506,75,1,302.2
17507,261,2,605.58
17508,280,1,387.31
17510,24,1,308.48
17512,28,10,2924.9900000000002
17513,71,1,513.2
17514,127,1,208.65
17515,30,4,639.02
17516,14,5,764.88
17517,308,1,153.94
17519,16,6,1844.02
17520,53,1,546.81
17521,29,3,723.2099999999999
17522,1,5,1070.71
17523,10,4,652.74
17526,4,4,1195.8999999999999
17527,53,4,939.37
17528,0,8,3628.5
17530,0,10,2367.12
17531,189,1,296.7
17534,53,1,223.36
17535,279,1,164.4
17536,176,1,76.5
17537,29,2,887.67
17538,25,1,98.42
17540,24,2,578.9
17542,269,1,170.75
17545,42,3,642.32
17548,233,1,103.3
17549,23,2,148.86
17550,196,3,267.16
17552,59,4,930.41
17553,129,1,1487.6
17554,0,5,1952.45
17555,19,2,480.31
17556,205,1,157.9
17557,13,3,541.46
17560,94,4,854.95
17561,18,1,165.12
17562,13,7,1122.38
17564,23,3,454.01
17566,7,2,869.77
17571,49,4,1425.67
17572,70,4,226.75000000000003
17573,28,3,380.6
17574,242,1,185.65
17578,217,1,143.45999999999998
17579,4,3,448.90000000000003
17580,252,3,215.72
17582,235,1,175.27
17584,6,2,1242.3
17585,108,4,1116.68
17588,99,3,1240.2
17589,59,4,2404.17
17590,1,3,1468.02
17591,72,7,2203.67
17594,84,2,993.18
17595,11,2,386.69
17596,22,7,2806.69
17597,213,1,2044.3700000000001
17600,17,1,161.67000000000002
17601,238,1,116.00999999999999
17603,77,1,394.72
17604,216,2,309.36
17608,32,2,191.99
17609,40,5,1105.78
17612,52,6,2048.45
17614,56,1,386.32
17615,129,3,329.6
17616,173,3,571.1999999999999
17618,5,3,930.28
17619,311,1,214.37
17620,59,1,81.44
17621,20,3,1379.9
17623,32,1,527.0500000000001
17624,14,2,843.48
17625,17,4,2020.4
17628,80,1,75.75
17629,5,8,1814.12
17630,169,2,503.59999999999997
17631,1,3,528.33
17633,30,4,1324.84
17634,35,9,2358.59
17636,18,1,285.56
17637,30,2,547.0600000000001
17639,275,1,108.5
17640,86,1,621.66
17642,119,2,712.29
17644,0,11,2895.64
17646,218,3,1008.39
17647,64,1,133.06
17648,60,4,1797.5
17649,137,1,868.49
17650,20,1,166.08
17653,36,4,1207.56
17654,276,1,117.55
17655,10,7,2638.94
17656,72,5,1674.69
17658,25,2,595.42
17660,140,1,178.75
17663,25,7,1802.91
17664,18,2,604.64
17666,3,2,728.16
17667,65,5,2055.51
17668,0,2,347.75
17669,42,7,3406.7200000000003
17670,227,1,205.7
17671,15,4,1572.71
17672,49,2,3178.17
17673,1,6,1594.97
17674,73,2,551.04
17676,3,6,1371.18
17678,263,1,298.11
17679,52,2,1992.1100000000001
17680,23,1,184.4
17682,9,6,2474.33
17684,43,1,239.41
17685,16,7,3155.83
17692,126,4,740.9399999999999
17693,136,1,200.47
17694,141,1,283.12
17695,131,2,765.34
17696,37,8,2285.71
17697,235,1,338.95
17698,260,1,154.95
17700,16,4,2534.64
17701,252,1,417.95
17702,29,4,1824.37
17703,34,3,798.74
17704,168,2,885.19
17705,2,9,1823.52
17707,184,2,152.4
17708,187,2,263.33
17709,169,1,137.45
17711,10,2,385.1
17712,44,1,522.91
17714,320,1,153.0
17715,200,1,326.4
17718,231,1,139.35
17720,25,4,1195.94
17722,95,4,2424.04
17723,126,6,3276.4000000000005
17724,70,3,1033.0
17725,15,11,3439.08
17727,14,1,1060.25
17728,3,3,2876.01
17731,78,4,1240.11
17733,38,2,692.19
17734,53,3,700.63
17736,8,3,377.44
17737,8,2,168.24
17738,18,4,1879.05
17739,11,7,2791.35
17742,112,2,355.11
17744,3,6,2322.4
17746,239,1,110.25
17747,112,1,71.4
17749,177,2,674.52
17750,4,9,1710.45
17754,0,5,1664.65
17758,18,8,3408.2000000000003
17759,16,3,819.96
17760,21,2,287.59
17761,32,1,712.78
17763,262,1,15.0
17764,50,2,772.55
17765,158,3,367.63
17767,14,1,271.2
17768,7,3,2081.9
17770,198,5,1143.27
17771,56,2,245.81
17772,10,2,173.45
17774,96,4,1213.73
17775,254,1,56.4
17777,24,3,647.56
17779,20,3,650.32
17781,158,2,188.02
17783,71,2,283.47
17785,52,1,131.94
17786,84,2,266.85
17787,152,4,1817.54
17788,73,2,1117.9
17789,280,1,225.9
17791,29,1,106.1
17793,24,1,300.34
17795,179,2,342.83
17796,39,4,690.0
17797,21,3,780.43
17799,21,10,3039.17
17800,36,9,1187.21
17802,81,3,1285.04
17805,73,1,512.31
17806,10,1,546.04
17812,12,4,699.81
17813,13,5,1698.07
17816,36,4,36.56
17817,3,3,387.68
17824,50,1,298.4
17827,4,5,1987.33
17828,22,4,1820.09
17829,298,1,889.24
17830,1,3,398.7
17831,32,1,35.400000000000006
17832,49,1,155.37
17835,2,3,342.24
17836,46,1,110.21000000000001
17837,41,8,1541.23
17838,26,5,2720.8
17839,41,1,318.15
17843,302,1,205.48
17844,106,1,51.559999999999995
17846,84,1,2033.1
17848,80,9,901.1999999999999
17849,217,4,605.8000000000001
17852,11,2,114.34
17854,184,2,311.26
17856,1,4,1418.03
17859,304,1,141.92000000000002
17861,2,8,2097.88
17862,323,1,330.9
17863,58,6,3160.0
17864,12,3,554.85
17866,142,1,329.65
17867,29,6,1157.8700000000001
17869,106,5,428.18
17871,204,1,155.9
17873,79,5,1848.96
17874,184,6,683.46
17877,169,1,237.61
17878,43,1,379.45
17879,173,1,178.51999999999998
17881,303,1,133.35000000000002
17883,2,4,664.34
17884,3,4,695.0699999999999
17885,11,1,156.34
17886,31,3,869.28
17887,128,1,111.35
17888,20,8,716.0
17889,211,2,201.37
17890,322,2,586.89
17891,161,1,203.85999999999999
17892,55,3,244.1
17893,224,1,107.21
17894,71,8,1118.96
17895,43,1,95.45
17896,22,1,256.32
17897,172,3,541.8100000000001
17898,84,2,152.06
17899,158,1,154.55
17900,189,2,112.19999999999999
17901,28,1,110.38
17904,20,1,181.07
17905,70,4,798.99
17906,246,1,72.9
17911,8,1,366.23
17912,309,5,310.06
17913,58,2,408.65
17914,3,1,329.36
17917,44,3,335.03
17919,87,1,1304.04
17921,63,4,820.23
17923,281,1,207.50000000000003
17924,11,7,2962.5
17926,132,2,397.29
17928,44,2,212.54
17929,10,4,843.0
17930,35,5,1740.48
17931,133,2,408.36
17932,28,3,1331.57
17934,51,2,704.25
17935,137,2,145.79
17936,4,1,380.13
17939,159,1,99.14
17941,130,1,304.56
17942,7,1,77.50000000000001
17946,232,2,149.57999999999998
17947,36,1,176.68
17948,146,1,358.56000000000006
17950,71,3,482.2
17951,39,3,1008.5400000000001
17955,198,4,557.3
17956,248,1,12.75
17957,65,1,111.68
17958,116,1,508.4599999999999
17960,170,1,73.78
17962,141,1,102.41
17964,31,2,463.21
17966,37,5,1098.43
17969,165,2,228.2
17970,210,1,562.79
17972,241,1,135.19
17973,51,1,337.04
17974,24,3,703.99
17977,28,1,288.14
17979,35,4,732.41
17980,165,3,811.45
17984,144,1,152.68
17985,21,1,631.35
17986,55,1,20.8
17987,184,1,198.57
17988,11,7,201.12
17990,236,3,630.84
17991,224,2,93.35
17994,121,4,674.89
17995,281,1,76.1
17997,73,8,1962.46
17999,36,2,380.39
18001,11,2,415.13
18005,3,2,226.47
18006,22,1,444.68
18008,69,9,2116.19
18009,234,1,247.39
18010,256,1,174.8
18013,154,2,187.29
18014,27,1,162.22
18015,3,1,120.03
18016,31,5,1477.66
18017,80,3,523.0
18018,107,2,122.14
18019,51,1,38.45
18022,35,1,612.72
18024,152,2,389.78
18027,98,1,115.31
18030,3,2,230.64999999999998
18033,64,1,93.82000000000001
18034,21,2,418.68
18035,35,3,713.89
18036,31,3,403.12
18037,153,6,70.02
18040,18,2,357.20000000000005
18042,53,1,165.04999999999998
18043,24,3,529.29
18044,3,10,2088.6
18045,44,1,178.34
18048,202,2,172.29000000000002
18053,70,1,300.02
18056,287,1,363.65
18058,9,1,170.16
18059,22,3,306.46
18061,21,10,2119.41
18062,172,3,720.52
18064,132,2,814.0
18066,74,1,318.0
18067,39,1,396.33
18068,288,1,101.69999999999999
18069,25,5,2009.24
18071,257,2,453.0
18072,185,1,247.44
18075,22,10,2611.75
18077,7,11,2584.41
18078,216,2,336.13
18079,44,4,3613.15
18080,18,2,1231.5
18081,35,3,343.45
18082,25,1,680.84
18084,15,1,90.47999999999999
18086,273,1,101.34
18088,60,1,166.03
18093,92,4,2106.52
18094,81,7,3017.3
18095,312,2,580.0500000000001
18096,11,3,849.06
18097,7,6,2662.4
18099,126,1,168.31
18101,10,2,222.4
18104,36,1,754.64
18105,37,1,113.48000000000002
18108,253,1,271.0
18110,19,1,198.8
18112,11,2,352.69
18114,289,1,220.1
18116,67,8,1403.1100000000001
18117,25,1,315.65
18120,213,1,111.15
18121,148,2,653.3
18122,7,6,1793.06
18123,23,2,574.4399999999999
18125,29,4,1131.75
18126,60,1,200.92000000000002
18127,18,3,347.08
18129,242,1,112.55000000000001
18130,14,3,1059.39
18133,211,1,931.4999999999999
18135,28,5,681.9100000000001
18136,62,3,784.33
18138,294,1,152.65
18142,156,2,1019.52
18143,116,2,1000.16
18145,12,4,2861.55
18146,140,2,160.35000000000002
18147,45,2,179.33999999999997
18149,50,3,612.0799999999999
18150,31,3,566.58
18151,134,2,653.35
18154,2,2,399.19
18155,74,3,371.62
18156,12,2,675.64
18158,8,2,453.4
18159,300,1,530.15
18160,56,2,638.0600000000001
18161,14,5,1618.69
18164,36,1,399.65000000000003
18165,176,1,302.46000000000004
18167,22,3,1384.8600000000001
18168,175,6,1160.04
18169,60,1,202.65
18170,32,3,980.31
18171,58,5,1231.31
18173,86,4,2106.84
18174,6,1,104.0
18177,30,6,1340.8700000000001
18178,128,4,1590.81
18179,8,6,1793.17
18180,4,6,1843.75
18181,23,1,366.85
18183,226,2,632.07
18184,14,1,49.8
18185,248,1,304.25
18188,14,3,2001.04
18189,77,2,1090.24
18190,191,2,284.46000000000004
18191,261,1,207.79999999999998
18192,71,1,957.97
18193,164,1,243.76
18194,81,1,973.8399999999999
18196,94,2,686.63
18200,105,1,150.35
18202,199,3,1396.99
18203,156,1,160.42000000000002
18204,70,3,1975.35
18205,35,2,517.36
18209,28,1,139.10000000000002
18210,1,6,2621.38
18211,25,5,600.07
18212,325,1,216.07
18213,236,1,232.48000000000002
18215,88,1,299.34000000000003
18216,30,1,481.75
18217,28,2,621.75
18218,210,2,641.92
18219,2,10,2069.77
18220,226,1,305.28000000000003
18221,21,5,1041.61
18222,92,1,443.0
18224,263,1,158.95000000000002
18227,217,1,93.75
18228,56,2,779.9
18230,8,7,2810.2000000000003
18231,191,5,2071.77
18232,81,4,592.97
18233,325,1,440.0
18235,71,3,1796.48
18236,29,6,882.24
18237,2,5,987.1
18239,218,5,1561.6100000000001
18240,45,1,422.58
18242,71,4,2232.4900000000002
18245,6,7,2567.06
18246,23,2,596.1
18248,122,2,804.02
18249,16,1,95.34
18250,309,1,349.27
18252,50,2,518.27
18255,88,1,103.3
18257,38,8,2337.63
18259,24,3,2338.6000000000004
18260,172,6,2628.35
18261,42,2,324.24
18262,139,1,149.48
18263,25,3,1213.1599999999999
18265,71,2,801.51
18268,133,1,25.5
18270,37,2,283.15
18272,2,6,3078.58
18273,1,3,204.0
18274,29,1,175.92
18276,43,1,335.86
18277,57,1,110.38
18278,73,1,173.9
18280,277,1,180.60000000000002
18281,180,1,80.82
18282,7,2,178.05
18287,42,3,1837.28
